segment,feature,mean_abs_shap
S6: 보통 (분류 외),NAME_CONTRACT_TYPE,0.03857595618212223
S6: 보통 (분류 외),CODE_GENDER,0.08750603838241917
S6: 보통 (분류 외),FLAG_OWN_CAR,0.002808549457766631
S6: 보통 (분류 외),FLAG_OWN_REALTY,0.004326758306470794
S6: 보통 (분류 외),CNT_CHILDREN,0.0008516307911209793
S6: 보통 (분류 외),AMT_INCOME_TOTAL,0.01420005222216375
S6: 보통 (분류 외),AMT_CREDIT,0.10608580571780206
S6: 보통 (분류 외),AMT_ANNUITY,0.07340318721438299
S6: 보통 (분류 외),AMT_GOODS_PRICE,0.14143302452950354
S6: 보통 (분류 외),NAME_TYPE_SUITE,0.0032219125886564204
S6: 보통 (분류 외),NAME_INCOME_TYPE,0.011883809789650472
S6: 보통 (분류 외),NAME_EDUCATION_TYPE,0.06816120377704371
S6: 보통 (분류 외),NAME_FAMILY_STATUS,0.043068651816037425
S6: 보통 (분류 외),NAME_HOUSING_TYPE,0.005947363576959099
S6: 보통 (분류 외),REGION_POPULATION_RELATIVE,0.009890677657826436
S6: 보통 (분류 외),DAYS_BIRTH,0.06483671383236847
S6: 보통 (분류 외),DAYS_EMPLOYED,0.08293194272714459
S6: 보통 (분류 외),DAYS_REGISTRATION,0.015440944217083837
S6: 보통 (분류 외),DAYS_ID_PUBLISH,0.04645279872655925
S6: 보통 (분류 외),OWN_CAR_AGE,0.07612262891583531
S6: 보통 (분류 외),FLAG_MOBIL,0.0
S6: 보통 (분류 외),FLAG_EMP_PHONE,0.0
S6: 보통 (분류 외),FLAG_WORK_PHONE,0.01956209114003301
S6: 보통 (분류 외),FLAG_CONT_MOBILE,0.00012556505054463592
S6: 보통 (분류 외),FLAG_PHONE,0.009688122919142577
S6: 보통 (분류 외),FLAG_EMAIL,7.375479486838434e-05
S6: 보통 (분류 외),OCCUPATION_TYPE,0.05862556478599735
S6: 보통 (분류 외),CNT_FAM_MEMBERS,0.0014440646706632319
S6: 보통 (분류 외),REGION_RATING_CLIENT,0.0006028587387984015
S6: 보통 (분류 외),REGION_RATING_CLIENT_W_CITY,0.03221577596930869
S6: 보통 (분류 외),WEEKDAY_APPR_PROCESS_START,0.017371768763425763
S6: 보통 (분류 외),HOUR_APPR_PROCESS_START,0.006934421938119584
S6: 보통 (분류 외),REG_REGION_NOT_LIVE_REGION,0.0
S6: 보통 (분류 외),REG_REGION_NOT_WORK_REGION,0.00011316151649195235
S6: 보통 (분류 외),LIVE_REGION_NOT_WORK_REGION,3.2396002003736484e-05
S6: 보통 (분류 외),REG_CITY_NOT_LIVE_CITY,0.015219750844153909
S6: 보통 (분류 외),REG_CITY_NOT_WORK_CITY,0.0002767583574047044
S6: 보통 (분류 외),LIVE_CITY_NOT_WORK_CITY,0.0002823732611916818
S6: 보통 (분류 외),ORGANIZATION_TYPE,0.11053909525106578
S6: 보통 (분류 외),EXT_SOURCE_1,0.16026412033630108
S6: 보통 (분류 외),EXT_SOURCE_2,0.26921343118072955
S6: 보통 (분류 외),EXT_SOURCE_3,0.3284735123300584
S6: 보통 (분류 외),APARTMENTS_AVG,0.004036074173391023
S6: 보통 (분류 외),BASEMENTAREA_AVG,0.0016552132947142138
S6: 보통 (분류 외),YEARS_BEGINEXPLUATATION_AVG,0.004163856934310606
S6: 보통 (분류 외),YEARS_BUILD_AVG,0.0009693610624175637
S6: 보통 (분류 외),COMMONAREA_AVG,0.0013973085003916347
S6: 보통 (분류 외),ELEVATORS_AVG,0.001759636254635388
S6: 보통 (분류 외),ENTRANCES_AVG,0.002120114336345166
S6: 보통 (분류 외),FLOORSMAX_AVG,0.0016847564076120862
S6: 보통 (분류 외),FLOORSMIN_AVG,0.0009314827700515378
S6: 보통 (분류 외),LANDAREA_AVG,0.002205083614183248
S6: 보통 (분류 외),LIVINGAPARTMENTS_AVG,0.0014257868847549514
S6: 보통 (분류 외),LIVINGAREA_AVG,0.0036191759907090123
S6: 보통 (분류 외),NONLIVINGAPARTMENTS_AVG,0.0034050840102996457
S6: 보통 (분류 외),NONLIVINGAREA_AVG,0.001851076020662331
S6: 보통 (분류 외),APARTMENTS_MODE,0.002086989759276192
S6: 보통 (분류 외),BASEMENTAREA_MODE,0.0017674164893713119
S6: 보통 (분류 외),YEARS_BEGINEXPLUATATION_MODE,0.007463383546725648
S6: 보통 (분류 외),YEARS_BUILD_MODE,0.0011169504900760835
S6: 보통 (분류 외),COMMONAREA_MODE,0.0018245241305993528
S6: 보통 (분류 외),ELEVATORS_MODE,0.00039261258155892566
S6: 보통 (분류 외),ENTRANCES_MODE,0.0007939317854077701
S6: 보통 (분류 외),FLOORSMAX_MODE,0.0004721748689405517
S6: 보통 (분류 외),FLOORSMIN_MODE,0.00029410068847443696
S6: 보통 (분류 외),LANDAREA_MODE,0.0017766359917164398
S6: 보통 (분류 외),LIVINGAPARTMENTS_MODE,0.0010187344477852905
S6: 보통 (분류 외),LIVINGAREA_MODE,0.0018060525799828337
S6: 보통 (분류 외),NONLIVINGAPARTMENTS_MODE,0.0004968753396007396
S6: 보통 (분류 외),NONLIVINGAREA_MODE,0.0014636335878419396
S6: 보통 (분류 외),APARTMENTS_MEDI,0.013445486750775063
S6: 보통 (분류 외),BASEMENTAREA_MEDI,0.001357178919825881
S6: 보통 (분류 외),YEARS_BEGINEXPLUATATION_MEDI,0.0014641561536465008
S6: 보통 (분류 외),YEARS_BUILD_MEDI,0.00019803830632271425
S6: 보통 (분류 외),COMMONAREA_MEDI,0.0009070255057074254
S6: 보통 (분류 외),ELEVATORS_MEDI,0.00033589016304444387
S6: 보통 (분류 외),ENTRANCES_MEDI,0.0010634586991938111
S6: 보통 (분류 외),FLOORSMAX_MEDI,0.0047743989802021235
S6: 보통 (분류 외),FLOORSMIN_MEDI,0.0003584372188663813
S6: 보통 (분류 외),LANDAREA_MEDI,0.001153864102412563
S6: 보통 (분류 외),LIVINGAPARTMENTS_MEDI,0.0013644117855829512
S6: 보통 (분류 외),LIVINGAREA_MEDI,0.001153120797176098
S6: 보통 (분류 외),NONLIVINGAPARTMENTS_MEDI,0.0005411003978827931
S6: 보통 (분류 외),NONLIVINGAREA_MEDI,0.00038084685327379863
S6: 보통 (분류 외),FONDKAPREMONT_MODE,0.0
S6: 보통 (분류 외),HOUSETYPE_MODE,0.00021015807300100555
S6: 보통 (분류 외),TOTALAREA_MODE,0.005098916394367298
S6: 보통 (분류 외),WALLSMATERIAL_MODE,0.008778453331332411
S6: 보통 (분류 외),EMERGENCYSTATE_MODE,0.0005675320261243667
S6: 보통 (분류 외),OBS_30_CNT_SOCIAL_CIRCLE,0.00264574627184814
S6: 보통 (분류 외),DEF_30_CNT_SOCIAL_CIRCLE,0.022575886965236363
S6: 보통 (분류 외),OBS_60_CNT_SOCIAL_CIRCLE,0.003647494602267317
S6: 보통 (분류 외),DEF_60_CNT_SOCIAL_CIRCLE,0.012029477803477724
S6: 보통 (분류 외),DAYS_LAST_PHONE_CHANGE,0.026313684817892726
S6: 보통 (분류 외),FLAG_DOCUMENT_2,0.0
S6: 보통 (분류 외),FLAG_DOCUMENT_3,0.03246067494387361
S6: 보통 (분류 외),FLAG_DOCUMENT_4,0.0
S6: 보통 (분류 외),FLAG_DOCUMENT_5,0.0
S6: 보통 (분류 외),FLAG_DOCUMENT_6,0.00011175074504776557
S6: 보통 (분류 외),FLAG_DOCUMENT_7,0.0
S6: 보통 (분류 외),FLAG_DOCUMENT_8,0.00032115592189726523
S6: 보통 (분류 외),FLAG_DOCUMENT_9,0.0
S6: 보통 (분류 외),FLAG_DOCUMENT_10,0.0
S6: 보통 (분류 외),FLAG_DOCUMENT_11,0.00010463574596057629
S6: 보통 (분류 외),FLAG_DOCUMENT_12,0.0
S6: 보통 (분류 외),FLAG_DOCUMENT_13,0.002193716335713769
S6: 보통 (분류 외),FLAG_DOCUMENT_14,0.0
S6: 보통 (분류 외),FLAG_DOCUMENT_15,0.0
S6: 보통 (분류 외),FLAG_DOCUMENT_16,0.005120784751316621
S6: 보통 (분류 외),FLAG_DOCUMENT_17,0.0
S6: 보통 (분류 외),FLAG_DOCUMENT_18,0.003183152777168231
S6: 보통 (분류 외),FLAG_DOCUMENT_19,0.0
S6: 보통 (분류 외),FLAG_DOCUMENT_20,0.0
S6: 보통 (분류 외),FLAG_DOCUMENT_21,0.0
S6: 보통 (분류 외),AMT_REQ_CREDIT_BUREAU_HOUR,5.485366402696661e-05
S6: 보통 (분류 외),AMT_REQ_CREDIT_BUREAU_DAY,0.0007150013043561195
S6: 보통 (분류 외),AMT_REQ_CREDIT_BUREAU_WEEK,0.00016003387580749124
S6: 보통 (분류 외),AMT_REQ_CREDIT_BUREAU_MON,0.0005140987920054493
S6: 보통 (분류 외),AMT_REQ_CREDIT_BUREAU_QRT,0.022835107615904262
S6: 보통 (분류 외),AMT_REQ_CREDIT_BUREAU_YEAR,0.009874384893903484
S6: 보통 (분류 외),bureau_DAYS_CREDIT_min,0.004339924528458252
S6: 보통 (분류 외),bureau_DAYS_CREDIT_max,0.03269928135751734
S6: 보통 (분류 외),bureau_DAYS_CREDIT_mean,0.027864298224561018
S6: 보통 (분류 외),bureau_DAYS_CREDIT_sum,0.009713070577234131
S6: 보통 (분류 외),bureau_DAYS_CREDIT_ENDDATE_min,0.005491169233322174
S6: 보통 (분류 외),bureau_DAYS_CREDIT_ENDDATE_max,0.05051289251949267
S6: 보통 (분류 외),bureau_DAYS_CREDIT_ENDDATE_mean,0.00734306098927107
S6: 보통 (분류 외),bureau_DAYS_CREDIT_ENDDATE_sum,0.011016242923904036
S6: 보통 (분류 외),bureau_DAYS_CREDIT_UPDATE_min,0.004166095253486809
S6: 보통 (분류 외),bureau_DAYS_CREDIT_UPDATE_max,0.011372963112019787
S6: 보통 (분류 외),bureau_DAYS_CREDIT_UPDATE_mean,0.008981688966436738
S6: 보통 (분류 외),bureau_DAYS_CREDIT_UPDATE_sum,0.005426954952638444
S6: 보통 (분류 외),bureau_AMT_CREDIT_SUM_min,0.010847555248310938
S6: 보통 (분류 외),bureau_AMT_CREDIT_SUM_max,0.01114112172003355
S6: 보통 (분류 외),bureau_AMT_CREDIT_SUM_mean,0.02339606861615541
S6: 보통 (분류 외),bureau_AMT_CREDIT_SUM_sum,0.020775791970281135
S6: 보통 (분류 외),bureau_AMT_CREDIT_SUM_DEBT_min,0.00561649544130689
S6: 보통 (분류 외),bureau_AMT_CREDIT_SUM_DEBT_max,0.010129143335082521
S6: 보통 (분류 외),bureau_AMT_CREDIT_SUM_DEBT_mean,0.07167105020346838
S6: 보통 (분류 외),bureau_AMT_CREDIT_SUM_DEBT_sum,0.007516013774488387
S6: 보통 (분류 외),bureau_AMT_CREDIT_SUM_LIMIT_min,0.00249732196879603
S6: 보통 (분류 외),bureau_AMT_CREDIT_SUM_LIMIT_max,0.015123000658994063
S6: 보통 (분류 외),bureau_AMT_CREDIT_SUM_LIMIT_mean,0.01021450331572031
S6: 보통 (분류 외),bureau_AMT_CREDIT_SUM_LIMIT_sum,0.006088271607363269
S6: 보통 (분류 외),bureau_AMT_CREDIT_SUM_OVERDUE_min,0.0
S6: 보통 (분류 외),bureau_AMT_CREDIT_SUM_OVERDUE_max,0.0019522946715372074
S6: 보통 (분류 외),bureau_AMT_CREDIT_SUM_OVERDUE_mean,0.001639661956951571
S6: 보통 (분류 외),bureau_AMT_CREDIT_SUM_OVERDUE_sum,0.0007523568843141718
S6: 보통 (분류 외),bureau_CNT_CREDIT_PROLONG_min,0.0
S6: 보통 (분류 외),bureau_CNT_CREDIT_PROLONG_max,0.00015388492167307002
S6: 보통 (분류 외),bureau_CNT_CREDIT_PROLONG_mean,0.0002952355342215736
S6: 보통 (분류 외),bureau_CNT_CREDIT_PROLONG_sum,0.0
S6: 보통 (분류 외),bureau_AMT_ANNUITY_min,0.0030670541113711025
S6: 보통 (분류 외),bureau_AMT_ANNUITY_max,0.0030981195870240954
S6: 보통 (분류 외),bureau_AMT_ANNUITY_mean,0.0029043476286083484
S6: 보통 (분류 외),bureau_AMT_ANNUITY_sum,0.0018453731222843864
S6: 보통 (분류 외),bureau_count,0.0011665417973851131
S6: 보통 (분류 외),bureau_active_Active,0.025329275336069546
S6: 보통 (분류 외),bureau_active_Bad debt,0.0
S6: 보통 (분류 외),bureau_active_Closed,0.009175467669605041
S6: 보통 (분류 외),bureau_active_Sold,0.0026657615085030613
S6: 보통 (분류 외),bureau_type_Another type of loan,9.393185734374529e-05
S6: 보통 (분류 외),bureau_type_Car loan,0.006797765112293849
S6: 보통 (분류 외),bureau_type_Cash loan (non-earmarked),0.0
S6: 보통 (분류 외),bureau_type_Consumer credit,0.0050887007960693405
S6: 보통 (분류 외),bureau_type_Credit card,0.0036286642926391397
S6: 보통 (분류 외),bureau_type_Interbank credit,0.0
S6: 보통 (분류 외),bureau_type_Loan for business development,7.183295338895998e-05
S6: 보통 (분류 외),bureau_type_Loan for purchase of shares (margin lending),0.0
S6: 보통 (분류 외),bureau_type_Loan for the purchase of equipment,0.0
S6: 보통 (분류 외),bureau_type_Loan for working capital replenishment,0.0
S6: 보통 (분류 외),bureau_type_Microloan,0.00718523737184941
S6: 보통 (분류 외),bureau_type_Mobile operator loan,0.0
S6: 보통 (분류 외),bureau_type_Mortgage,0.018656700455231483
S6: 보통 (분류 외),bureau_type_Real estate loan,0.0
S6: 보통 (분류 외),bureau_type_Unknown type of loan,0.0
S6: 보통 (분류 외),has_bureau,0.0
S6: 보통 (분류 외),bureau_count_filled,0.0
S6: 보통 (분류 외),rule_segment,0.05481195645010314
S5: 우량 차주 (고신용),NAME_CONTRACT_TYPE,0.051151931823291474
S5: 우량 차주 (고신용),CODE_GENDER,0.0730189823895241
S5: 우량 차주 (고신용),FLAG_OWN_CAR,0.0026203552493282924
S5: 우량 차주 (고신용),FLAG_OWN_REALTY,0.0049291969632399655
S5: 우량 차주 (고신용),CNT_CHILDREN,0.0009588083783904266
S5: 우량 차주 (고신용),AMT_INCOME_TOTAL,0.016307421731167535
S5: 우량 차주 (고신용),AMT_CREDIT,0.08559391112030958
S5: 우량 차주 (고신용),AMT_ANNUITY,0.07208646776129402
S5: 우량 차주 (고신용),AMT_GOODS_PRICE,0.12787798519882376
S5: 우량 차주 (고신용),NAME_TYPE_SUITE,0.0035044724879660176
S5: 우량 차주 (고신용),NAME_INCOME_TYPE,0.013873257582755533
S5: 우량 차주 (고신용),NAME_EDUCATION_TYPE,0.09063611628989485
S5: 우량 차주 (고신용),NAME_FAMILY_STATUS,0.04341688714285411
S5: 우량 차주 (고신용),NAME_HOUSING_TYPE,0.0064739917594209325
S5: 우량 차주 (고신용),REGION_POPULATION_RELATIVE,0.010792379336786864
S5: 우량 차주 (고신용),DAYS_BIRTH,0.04574401803342468
S5: 우량 차주 (고신용),DAYS_EMPLOYED,0.0727436825694541
S5: 우량 차주 (고신용),DAYS_REGISTRATION,0.01401332050848939
S5: 우량 차주 (고신용),DAYS_ID_PUBLISH,0.04409051036676583
S5: 우량 차주 (고신용),OWN_CAR_AGE,0.0839450325557338
S5: 우량 차주 (고신용),FLAG_MOBIL,0.0
S5: 우량 차주 (고신용),FLAG_EMP_PHONE,0.0
S5: 우량 차주 (고신용),FLAG_WORK_PHONE,0.019475355324751194
S5: 우량 차주 (고신용),FLAG_CONT_MOBILE,0.0001886951075525955
S5: 우량 차주 (고신용),FLAG_PHONE,0.010120654099351579
S5: 우량 차주 (고신용),FLAG_EMAIL,0.00024542359366697456
S5: 우량 차주 (고신용),OCCUPATION_TYPE,0.047491250129034324
S5: 우량 차주 (고신용),CNT_FAM_MEMBERS,0.0014154624972019332
S5: 우량 차주 (고신용),REGION_RATING_CLIENT,0.0005844868841380619
S5: 우량 차주 (고신용),REGION_RATING_CLIENT_W_CITY,0.029766639894610203
S5: 우량 차주 (고신용),WEEKDAY_APPR_PROCESS_START,0.017094172196480812
S5: 우량 차주 (고신용),HOUR_APPR_PROCESS_START,0.008345414517794155
S5: 우량 차주 (고신용),REG_REGION_NOT_LIVE_REGION,0.0
S5: 우량 차주 (고신용),REG_REGION_NOT_WORK_REGION,7.373064393067327e-05
S5: 우량 차주 (고신용),LIVE_REGION_NOT_WORK_REGION,0.0001113493871499869
S5: 우량 차주 (고신용),REG_CITY_NOT_LIVE_CITY,0.012990213632814778
S5: 우량 차주 (고신용),REG_CITY_NOT_WORK_CITY,0.00011450280317387113
S5: 우량 차주 (고신용),LIVE_CITY_NOT_WORK_CITY,0.000248563667703604
S5: 우량 차주 (고신용),ORGANIZATION_TYPE,0.09383748875620605
S5: 우량 차주 (고신용),EXT_SOURCE_1,0.16686983446258397
S5: 우량 차주 (고신용),EXT_SOURCE_2,0.3069899860601223
S5: 우량 차주 (고신용),EXT_SOURCE_3,0.31255685065938593
S5: 우량 차주 (고신용),APARTMENTS_AVG,0.00465796473819268
S5: 우량 차주 (고신용),BASEMENTAREA_AVG,0.0015257929680405438
S5: 우량 차주 (고신용),YEARS_BEGINEXPLUATATION_AVG,0.0046819464056363285
S5: 우량 차주 (고신용),YEARS_BUILD_AVG,0.0011956048251083665
S5: 우량 차주 (고신용),COMMONAREA_AVG,0.001677679901661838
S5: 우량 차주 (고신용),ELEVATORS_AVG,0.0018265176327031142
S5: 우량 차주 (고신용),ENTRANCES_AVG,0.001547946042295514
S5: 우량 차주 (고신용),FLOORSMAX_AVG,0.001538406421603888
S5: 우량 차주 (고신용),FLOORSMIN_AVG,0.001456655116801904
S5: 우량 차주 (고신용),LANDAREA_AVG,0.0025092997275533327
S5: 우량 차주 (고신용),LIVINGAPARTMENTS_AVG,0.002260583594289394
S5: 우량 차주 (고신용),LIVINGAREA_AVG,0.0025421092869779226
S5: 우량 차주 (고신용),NONLIVINGAPARTMENTS_AVG,0.003113016141555766
S5: 우량 차주 (고신용),NONLIVINGAREA_AVG,0.002410408258912827
S5: 우량 차주 (고신용),APARTMENTS_MODE,0.0024632763710880044
S5: 우량 차주 (고신용),BASEMENTAREA_MODE,0.0023193929884939555
S5: 우량 차주 (고신용),YEARS_BEGINEXPLUATATION_MODE,0.009184697492075922
S5: 우량 차주 (고신용),YEARS_BUILD_MODE,0.0011125292515214605
S5: 우량 차주 (고신용),COMMONAREA_MODE,0.0024743057486171847
S5: 우량 차주 (고신용),ELEVATORS_MODE,0.0007547358540300665
S5: 우량 차주 (고신용),ENTRANCES_MODE,0.0008287912405524755
S5: 우량 차주 (고신용),FLOORSMAX_MODE,0.0008632250625607703
S5: 우량 차주 (고신용),FLOORSMIN_MODE,0.0003390215148299967
S5: 우량 차주 (고신용),LANDAREA_MODE,0.0022192370108917695
S5: 우량 차주 (고신용),LIVINGAPARTMENTS_MODE,0.0011397943042761888
S5: 우량 차주 (고신용),LIVINGAREA_MODE,0.0021766743717056116
S5: 우량 차주 (고신용),NONLIVINGAPARTMENTS_MODE,0.0007004103143549978
S5: 우량 차주 (고신용),NONLIVINGAREA_MODE,0.002110322824916295
S5: 우량 차주 (고신용),APARTMENTS_MEDI,0.014391478902978058
S5: 우량 차주 (고신용),BASEMENTAREA_MEDI,0.001817538220309904
S5: 우량 차주 (고신용),YEARS_BEGINEXPLUATATION_MEDI,0.0017083373913691824
S5: 우량 차주 (고신용),YEARS_BUILD_MEDI,0.00022367088106591945
S5: 우량 차주 (고신용),COMMONAREA_MEDI,0.001108052559677986
S5: 우량 차주 (고신용),ELEVATORS_MEDI,0.00039146465026108294
S5: 우량 차주 (고신용),ENTRANCES_MEDI,0.0008525798933649543
S5: 우량 차주 (고신용),FLOORSMAX_MEDI,0.004813499598850177
S5: 우량 차주 (고신용),FLOORSMIN_MEDI,0.0004440977874505095
S5: 우량 차주 (고신용),LANDAREA_MEDI,0.0014947343294291386
S5: 우량 차주 (고신용),LIVINGAPARTMENTS_MEDI,0.0016642731127189316
S5: 우량 차주 (고신용),LIVINGAREA_MEDI,0.0008965176939809701
S5: 우량 차주 (고신용),NONLIVINGAPARTMENTS_MEDI,0.0002725788633666456
S5: 우량 차주 (고신용),NONLIVINGAREA_MEDI,0.0005707089249177142
S5: 우량 차주 (고신용),FONDKAPREMONT_MODE,0.0
S5: 우량 차주 (고신용),HOUSETYPE_MODE,0.0002413764116150526
S5: 우량 차주 (고신용),TOTALAREA_MODE,0.007428801675922624
S5: 우량 차주 (고신용),WALLSMATERIAL_MODE,0.009398445976750372
S5: 우량 차주 (고신용),EMERGENCYSTATE_MODE,0.0004187900738208131
S5: 우량 차주 (고신용),OBS_30_CNT_SOCIAL_CIRCLE,0.0031974378432415304
S5: 우량 차주 (고신용),DEF_30_CNT_SOCIAL_CIRCLE,0.020967403507852894
S5: 우량 차주 (고신용),OBS_60_CNT_SOCIAL_CIRCLE,0.004042852346453791
S5: 우량 차주 (고신용),DEF_60_CNT_SOCIAL_CIRCLE,0.01081507479967036
S5: 우량 차주 (고신용),DAYS_LAST_PHONE_CHANGE,0.025055602646042962
S5: 우량 차주 (고신용),FLAG_DOCUMENT_2,0.0
S5: 우량 차주 (고신용),FLAG_DOCUMENT_3,0.02780506973555329
S5: 우량 차주 (고신용),FLAG_DOCUMENT_4,0.0
S5: 우량 차주 (고신용),FLAG_DOCUMENT_5,0.0
S5: 우량 차주 (고신용),FLAG_DOCUMENT_6,0.00011016045165709364
S5: 우량 차주 (고신용),FLAG_DOCUMENT_7,0.0
S5: 우량 차주 (고신용),FLAG_DOCUMENT_8,0.0004325394220487872
S5: 우량 차주 (고신용),FLAG_DOCUMENT_9,0.0
S5: 우량 차주 (고신용),FLAG_DOCUMENT_10,0.0
S5: 우량 차주 (고신용),FLAG_DOCUMENT_11,0.00010960991058294866
S5: 우량 차주 (고신용),FLAG_DOCUMENT_12,0.0
S5: 우량 차주 (고신용),FLAG_DOCUMENT_13,0.0036580140855847635
S5: 우량 차주 (고신용),FLAG_DOCUMENT_14,0.0
S5: 우량 차주 (고신용),FLAG_DOCUMENT_15,0.0
S5: 우량 차주 (고신용),FLAG_DOCUMENT_16,0.00523242045130038
S5: 우량 차주 (고신용),FLAG_DOCUMENT_17,0.0
S5: 우량 차주 (고신용),FLAG_DOCUMENT_18,0.0031906380322759297
S5: 우량 차주 (고신용),FLAG_DOCUMENT_19,0.0
S5: 우량 차주 (고신용),FLAG_DOCUMENT_20,0.0
S5: 우량 차주 (고신용),FLAG_DOCUMENT_21,0.0
S5: 우량 차주 (고신용),AMT_REQ_CREDIT_BUREAU_HOUR,4.593314807785347e-05
S5: 우량 차주 (고신용),AMT_REQ_CREDIT_BUREAU_DAY,0.0005840729883622237
S5: 우량 차주 (고신용),AMT_REQ_CREDIT_BUREAU_WEEK,0.00016436757703715624
S5: 우량 차주 (고신용),AMT_REQ_CREDIT_BUREAU_MON,0.0004720373223126525
S5: 우량 차주 (고신용),AMT_REQ_CREDIT_BUREAU_QRT,0.024061156724588084
S5: 우량 차주 (고신용),AMT_REQ_CREDIT_BUREAU_YEAR,0.012694558759139876
S5: 우량 차주 (고신용),bureau_DAYS_CREDIT_min,0.0052379018942790125
S5: 우량 차주 (고신용),bureau_DAYS_CREDIT_max,0.029813784682695174
S5: 우량 차주 (고신용),bureau_DAYS_CREDIT_mean,0.020871049678711125
S5: 우량 차주 (고신용),bureau_DAYS_CREDIT_sum,0.009280304872867493
S5: 우량 차주 (고신용),bureau_DAYS_CREDIT_ENDDATE_min,0.005503637403749515
S5: 우량 차주 (고신용),bureau_DAYS_CREDIT_ENDDATE_max,0.05282216301587355
S5: 우량 차주 (고신용),bureau_DAYS_CREDIT_ENDDATE_mean,0.006739810491046927
S5: 우량 차주 (고신용),bureau_DAYS_CREDIT_ENDDATE_sum,0.009702560565604675
S5: 우량 차주 (고신용),bureau_DAYS_CREDIT_UPDATE_min,0.0041116222610325485
S5: 우량 차주 (고신용),bureau_DAYS_CREDIT_UPDATE_max,0.010861992256204026
S5: 우량 차주 (고신용),bureau_DAYS_CREDIT_UPDATE_mean,0.007605357957476703
S5: 우량 차주 (고신용),bureau_DAYS_CREDIT_UPDATE_sum,0.005549588364512852
S5: 우량 차주 (고신용),bureau_AMT_CREDIT_SUM_min,0.012351802283493009
S5: 우량 차주 (고신용),bureau_AMT_CREDIT_SUM_max,0.01310104616970663
S5: 우량 차주 (고신용),bureau_AMT_CREDIT_SUM_mean,0.025064446498067255
S5: 우량 차주 (고신용),bureau_AMT_CREDIT_SUM_sum,0.018474567827901234
S5: 우량 차주 (고신용),bureau_AMT_CREDIT_SUM_DEBT_min,0.0054379215080860984
S5: 우량 차주 (고신용),bureau_AMT_CREDIT_SUM_DEBT_max,0.011123009343112994
S5: 우량 차주 (고신용),bureau_AMT_CREDIT_SUM_DEBT_mean,0.0760362246653059
S5: 우량 차주 (고신용),bureau_AMT_CREDIT_SUM_DEBT_sum,0.008738385261167348
S5: 우량 차주 (고신용),bureau_AMT_CREDIT_SUM_LIMIT_min,0.0022918838739900862
S5: 우량 차주 (고신용),bureau_AMT_CREDIT_SUM_LIMIT_max,0.016183147157721536
S5: 우량 차주 (고신용),bureau_AMT_CREDIT_SUM_LIMIT_mean,0.010433770875354515
S5: 우량 차주 (고신용),bureau_AMT_CREDIT_SUM_LIMIT_sum,0.006619748411448777
S5: 우량 차주 (고신용),bureau_AMT_CREDIT_SUM_OVERDUE_min,0.0
S5: 우량 차주 (고신용),bureau_AMT_CREDIT_SUM_OVERDUE_max,0.0016266618329059644
S5: 우량 차주 (고신용),bureau_AMT_CREDIT_SUM_OVERDUE_mean,0.00147213377015113
S5: 우량 차주 (고신용),bureau_AMT_CREDIT_SUM_OVERDUE_sum,0.000573831652738988
S5: 우량 차주 (고신용),bureau_CNT_CREDIT_PROLONG_min,0.0
S5: 우량 차주 (고신용),bureau_CNT_CREDIT_PROLONG_max,0.00016501922222402103
S5: 우량 차주 (고신용),bureau_CNT_CREDIT_PROLONG_mean,0.00042440958964789317
S5: 우량 차주 (고신용),bureau_CNT_CREDIT_PROLONG_sum,0.0
S5: 우량 차주 (고신용),bureau_AMT_ANNUITY_min,0.0033881732226097704
S5: 우량 차주 (고신용),bureau_AMT_ANNUITY_max,0.002832246087061039
S5: 우량 차주 (고신용),bureau_AMT_ANNUITY_mean,0.0027592222292822867
S5: 우량 차주 (고신용),bureau_AMT_ANNUITY_sum,0.0019249845179527788
S5: 우량 차주 (고신용),bureau_count,0.001419215855265887
S5: 우량 차주 (고신용),bureau_active_Active,0.023813195317119038
S5: 우량 차주 (고신용),bureau_active_Bad debt,0.0
S5: 우량 차주 (고신용),bureau_active_Closed,0.00874518705930811
S5: 우량 차주 (고신용),bureau_active_Sold,0.002163054207088674
S5: 우량 차주 (고신용),bureau_type_Another type of loan,8.225464210636708e-05
S5: 우량 차주 (고신용),bureau_type_Car loan,0.00905236809248447
S5: 우량 차주 (고신용),bureau_type_Cash loan (non-earmarked),0.0
S5: 우량 차주 (고신용),bureau_type_Consumer credit,0.00431621735087651
S5: 우량 차주 (고신용),bureau_type_Credit card,0.003738727661662935
S5: 우량 차주 (고신용),bureau_type_Interbank credit,0.0
S5: 우량 차주 (고신용),bureau_type_Loan for business development,9.575152763040151e-05
S5: 우량 차주 (고신용),bureau_type_Loan for purchase of shares (margin lending),0.0
S5: 우량 차주 (고신용),bureau_type_Loan for the purchase of equipment,0.0
S5: 우량 차주 (고신용),bureau_type_Loan for working capital replenishment,0.0
S5: 우량 차주 (고신용),bureau_type_Microloan,0.006767688165809893
S5: 우량 차주 (고신용),bureau_type_Mobile operator loan,0.0
S5: 우량 차주 (고신용),bureau_type_Mortgage,0.021409903060151413
S5: 우량 차주 (고신용),bureau_type_Real estate loan,0.0
S5: 우량 차주 (고신용),bureau_type_Unknown type of loan,0.0
S5: 우량 차주 (고신용),has_bureau,0.0
S5: 우량 차주 (고신용),bureau_count_filled,0.0
S5: 우량 차주 (고신용),rule_segment,0.05306621265352778
S2: 신생 차주 (저연령+단기고용),NAME_CONTRACT_TYPE,0.047830151896654155
S2: 신생 차주 (저연령+단기고용),CODE_GENDER,0.05741553991647334
S2: 신생 차주 (저연령+단기고용),FLAG_OWN_CAR,0.0017610645829380972
S2: 신생 차주 (저연령+단기고용),FLAG_OWN_REALTY,0.005268844562114049
S2: 신생 차주 (저연령+단기고용),CNT_CHILDREN,0.0009991628426405657
S2: 신생 차주 (저연령+단기고용),AMT_INCOME_TOTAL,0.012789348139675529
S2: 신생 차주 (저연령+단기고용),AMT_CREDIT,0.08865307832890795
S2: 신생 차주 (저연령+단기고용),AMT_ANNUITY,0.07125764777955251
S2: 신생 차주 (저연령+단기고용),AMT_GOODS_PRICE,0.1333878178072193
S2: 신생 차주 (저연령+단기고용),NAME_TYPE_SUITE,0.003457610790213415
S2: 신생 차주 (저연령+단기고용),NAME_INCOME_TYPE,0.014078610347491924
S2: 신생 차주 (저연령+단기고용),NAME_EDUCATION_TYPE,0.107631720478905
S2: 신생 차주 (저연령+단기고용),NAME_FAMILY_STATUS,0.042533285315745635
S2: 신생 차주 (저연령+단기고용),NAME_HOUSING_TYPE,0.006268285249764137
S2: 신생 차주 (저연령+단기고용),REGION_POPULATION_RELATIVE,0.008886021148253372
S2: 신생 차주 (저연령+단기고용),DAYS_BIRTH,0.13471546436120596
S2: 신생 차주 (저연령+단기고용),DAYS_EMPLOYED,0.07765439185675677
S2: 신생 차주 (저연령+단기고용),DAYS_REGISTRATION,0.016308049419980708
S2: 신생 차주 (저연령+단기고용),DAYS_ID_PUBLISH,0.031939949061805854
S2: 신생 차주 (저연령+단기고용),OWN_CAR_AGE,0.0743551220352914
S2: 신생 차주 (저연령+단기고용),FLAG_MOBIL,0.0
S2: 신생 차주 (저연령+단기고용),FLAG_EMP_PHONE,0.0
S2: 신생 차주 (저연령+단기고용),FLAG_WORK_PHONE,0.027940167577535712
S2: 신생 차주 (저연령+단기고용),FLAG_CONT_MOBILE,0.0001624890350373901
S2: 신생 차주 (저연령+단기고용),FLAG_PHONE,0.008616153550666876
S2: 신생 차주 (저연령+단기고용),FLAG_EMAIL,0.00012208484945886052
S2: 신생 차주 (저연령+단기고용),OCCUPATION_TYPE,0.05660094041193822
S2: 신생 차주 (저연령+단기고용),CNT_FAM_MEMBERS,0.0019692836615641
S2: 신생 차주 (저연령+단기고용),REGION_RATING_CLIENT,0.0006871271688236479
S2: 신생 차주 (저연령+단기고용),REGION_RATING_CLIENT_W_CITY,0.03238775220103181
S2: 신생 차주 (저연령+단기고용),WEEKDAY_APPR_PROCESS_START,0.014864836893296896
S2: 신생 차주 (저연령+단기고용),HOUR_APPR_PROCESS_START,0.008228608771914009
S2: 신생 차주 (저연령+단기고용),REG_REGION_NOT_LIVE_REGION,0.0
S2: 신생 차주 (저연령+단기고용),REG_REGION_NOT_WORK_REGION,0.00015366897152830237
S2: 신생 차주 (저연령+단기고용),LIVE_REGION_NOT_WORK_REGION,4.5237555323143224e-05
S2: 신생 차주 (저연령+단기고용),REG_CITY_NOT_LIVE_CITY,0.015662321826579572
S2: 신생 차주 (저연령+단기고용),REG_CITY_NOT_WORK_CITY,0.00030683898831210824
S2: 신생 차주 (저연령+단기고용),LIVE_CITY_NOT_WORK_CITY,0.000357641952781833
S2: 신생 차주 (저연령+단기고용),ORGANIZATION_TYPE,0.11148297281859958
S2: 신생 차주 (저연령+단기고용),EXT_SOURCE_1,0.2068625289928587
S2: 신생 차주 (저연령+단기고용),EXT_SOURCE_2,0.30419553970471414
S2: 신생 차주 (저연령+단기고용),EXT_SOURCE_3,0.3105392109238345
S2: 신생 차주 (저연령+단기고용),APARTMENTS_AVG,0.0042790928004424866
S2: 신생 차주 (저연령+단기고용),BASEMENTAREA_AVG,0.0014859275340145448
S2: 신생 차주 (저연령+단기고용),YEARS_BEGINEXPLUATATION_AVG,0.004032064230678457
S2: 신생 차주 (저연령+단기고용),YEARS_BUILD_AVG,0.0010063278318095008
S2: 신생 차주 (저연령+단기고용),COMMONAREA_AVG,0.0015554719203879624
S2: 신생 차주 (저연령+단기고용),ELEVATORS_AVG,0.0018611273552394101
S2: 신생 차주 (저연령+단기고용),ENTRANCES_AVG,0.001927338988428673
S2: 신생 차주 (저연령+단기고용),FLOORSMAX_AVG,0.0017697374960043018
S2: 신생 차주 (저연령+단기고용),FLOORSMIN_AVG,0.000914713131131165
S2: 신생 차주 (저연령+단기고용),LANDAREA_AVG,0.0022513349891822793
S2: 신생 차주 (저연령+단기고용),LIVINGAPARTMENTS_AVG,0.0016503383764566333
S2: 신생 차주 (저연령+단기고용),LIVINGAREA_AVG,0.003999596256351782
S2: 신생 차주 (저연령+단기고용),NONLIVINGAPARTMENTS_AVG,0.0033252844981118356
S2: 신생 차주 (저연령+단기고용),NONLIVINGAREA_AVG,0.0016976580433293504
S2: 신생 차주 (저연령+단기고용),APARTMENTS_MODE,0.0024476149854888857
S2: 신생 차주 (저연령+단기고용),BASEMENTAREA_MODE,0.001714786390477017
S2: 신생 차주 (저연령+단기고용),YEARS_BEGINEXPLUATATION_MODE,0.007757830270927873
S2: 신생 차주 (저연령+단기고용),YEARS_BUILD_MODE,0.0010121396933340525
S2: 신생 차주 (저연령+단기고용),COMMONAREA_MODE,0.00201563363487178
S2: 신생 차주 (저연령+단기고용),ELEVATORS_MODE,0.0003809349467006494
S2: 신생 차주 (저연령+단기고용),ENTRANCES_MODE,0.000747624537503399
S2: 신생 차주 (저연령+단기고용),FLOORSMAX_MODE,0.00042849029855963606
S2: 신생 차주 (저연령+단기고용),FLOORSMIN_MODE,0.0007249705494039807
S2: 신생 차주 (저연령+단기고용),LANDAREA_MODE,0.0019339937576989795
S2: 신생 차주 (저연령+단기고용),LIVINGAPARTMENTS_MODE,0.0009241403470312061
S2: 신생 차주 (저연령+단기고용),LIVINGAREA_MODE,0.003671244610263653
S2: 신생 차주 (저연령+단기고용),NONLIVINGAPARTMENTS_MODE,0.000504844943474603
S2: 신생 차주 (저연령+단기고용),NONLIVINGAREA_MODE,0.0012718144008396638
S2: 신생 차주 (저연령+단기고용),APARTMENTS_MEDI,0.01469145167861965
S2: 신생 차주 (저연령+단기고용),BASEMENTAREA_MEDI,0.001297407611484523
S2: 신생 차주 (저연령+단기고용),YEARS_BEGINEXPLUATATION_MEDI,0.0016835723553060647
S2: 신생 차주 (저연령+단기고용),YEARS_BUILD_MEDI,0.00020397135228653816
S2: 신생 차주 (저연령+단기고용),COMMONAREA_MEDI,0.0010969988051322446
S2: 신생 차주 (저연령+단기고용),ELEVATORS_MEDI,0.00040471285763194425
S2: 신생 차주 (저연령+단기고용),ENTRANCES_MEDI,0.0010695094192917072
S2: 신생 차주 (저연령+단기고용),FLOORSMAX_MEDI,0.005369425317036515
S2: 신생 차주 (저연령+단기고용),FLOORSMIN_MEDI,0.0003754656159776768
S2: 신생 차주 (저연령+단기고용),LANDAREA_MEDI,0.0010386111739563932
S2: 신생 차주 (저연령+단기고용),LIVINGAPARTMENTS_MEDI,0.001595001835373334
S2: 신생 차주 (저연령+단기고용),LIVINGAREA_MEDI,0.0015814417344803097
S2: 신생 차주 (저연령+단기고용),NONLIVINGAPARTMENTS_MEDI,0.0003515479225580342
S2: 신생 차주 (저연령+단기고용),NONLIVINGAREA_MEDI,0.00039481752331380445
S2: 신생 차주 (저연령+단기고용),FONDKAPREMONT_MODE,0.0
S2: 신생 차주 (저연령+단기고용),HOUSETYPE_MODE,0.00018834080295408845
S2: 신생 차주 (저연령+단기고용),TOTALAREA_MODE,0.006030667985519857
S2: 신생 차주 (저연령+단기고용),WALLSMATERIAL_MODE,0.008876411866774094
S2: 신생 차주 (저연령+단기고용),EMERGENCYSTATE_MODE,0.0007199944305017706
S2: 신생 차주 (저연령+단기고용),OBS_30_CNT_SOCIAL_CIRCLE,0.001798919429421454
S2: 신생 차주 (저연령+단기고용),DEF_30_CNT_SOCIAL_CIRCLE,0.023603785357057695
S2: 신생 차주 (저연령+단기고용),OBS_60_CNT_SOCIAL_CIRCLE,0.0024455986497578714
S2: 신생 차주 (저연령+단기고용),DEF_60_CNT_SOCIAL_CIRCLE,0.014575843571190038
S2: 신생 차주 (저연령+단기고용),DAYS_LAST_PHONE_CHANGE,0.021055531560654532
S2: 신생 차주 (저연령+단기고용),FLAG_DOCUMENT_2,0.0
S2: 신생 차주 (저연령+단기고용),FLAG_DOCUMENT_3,0.04234477302227635
S2: 신생 차주 (저연령+단기고용),FLAG_DOCUMENT_4,0.0
S2: 신생 차주 (저연령+단기고용),FLAG_DOCUMENT_5,0.0
S2: 신생 차주 (저연령+단기고용),FLAG_DOCUMENT_6,7.188996502077595e-05
S2: 신생 차주 (저연령+단기고용),FLAG_DOCUMENT_7,0.0
S2: 신생 차주 (저연령+단기고용),FLAG_DOCUMENT_8,0.0003709529703550336
S2: 신생 차주 (저연령+단기고용),FLAG_DOCUMENT_9,0.0
S2: 신생 차주 (저연령+단기고용),FLAG_DOCUMENT_10,0.0
S2: 신생 차주 (저연령+단기고용),FLAG_DOCUMENT_11,0.00020047467037573167
S2: 신생 차주 (저연령+단기고용),FLAG_DOCUMENT_12,0.0
S2: 신생 차주 (저연령+단기고용),FLAG_DOCUMENT_13,0.0024105976354872583
S2: 신생 차주 (저연령+단기고용),FLAG_DOCUMENT_14,0.0
S2: 신생 차주 (저연령+단기고용),FLAG_DOCUMENT_15,0.0
S2: 신생 차주 (저연령+단기고용),FLAG_DOCUMENT_16,0.005293280058283941
S2: 신생 차주 (저연령+단기고용),FLAG_DOCUMENT_17,0.0
S2: 신생 차주 (저연령+단기고용),FLAG_DOCUMENT_18,0.006011755932397512
S2: 신생 차주 (저연령+단기고용),FLAG_DOCUMENT_19,0.0
S2: 신생 차주 (저연령+단기고용),FLAG_DOCUMENT_20,0.0
S2: 신생 차주 (저연령+단기고용),FLAG_DOCUMENT_21,0.0
S2: 신생 차주 (저연령+단기고용),AMT_REQ_CREDIT_BUREAU_HOUR,0.0002580370172028978
S2: 신생 차주 (저연령+단기고용),AMT_REQ_CREDIT_BUREAU_DAY,0.0004290058111017516
S2: 신생 차주 (저연령+단기고용),AMT_REQ_CREDIT_BUREAU_WEEK,0.0001964562736476918
S2: 신생 차주 (저연령+단기고용),AMT_REQ_CREDIT_BUREAU_MON,0.0006835307351397584
S2: 신생 차주 (저연령+단기고용),AMT_REQ_CREDIT_BUREAU_QRT,0.020322862890349826
S2: 신생 차주 (저연령+단기고용),AMT_REQ_CREDIT_BUREAU_YEAR,0.006601869883712851
S2: 신생 차주 (저연령+단기고용),bureau_DAYS_CREDIT_min,0.003952587438474072
S2: 신생 차주 (저연령+단기고용),bureau_DAYS_CREDIT_max,0.037442015979216564
S2: 신생 차주 (저연령+단기고용),bureau_DAYS_CREDIT_mean,0.024365868479117873
S2: 신생 차주 (저연령+단기고용),bureau_DAYS_CREDIT_sum,0.010303796003925182
S2: 신생 차주 (저연령+단기고용),bureau_DAYS_CREDIT_ENDDATE_min,0.006425990242501177
S2: 신생 차주 (저연령+단기고용),bureau_DAYS_CREDIT_ENDDATE_max,0.04572385875460984
S2: 신생 차주 (저연령+단기고용),bureau_DAYS_CREDIT_ENDDATE_mean,0.006539922382018068
S2: 신생 차주 (저연령+단기고용),bureau_DAYS_CREDIT_ENDDATE_sum,0.007279941965630053
S2: 신생 차주 (저연령+단기고용),bureau_DAYS_CREDIT_UPDATE_min,0.004025743565127421
S2: 신생 차주 (저연령+단기고용),bureau_DAYS_CREDIT_UPDATE_max,0.009870589329525493
S2: 신생 차주 (저연령+단기고용),bureau_DAYS_CREDIT_UPDATE_mean,0.00952440829697316
S2: 신생 차주 (저연령+단기고용),bureau_DAYS_CREDIT_UPDATE_sum,0.005677007533544474
S2: 신생 차주 (저연령+단기고용),bureau_AMT_CREDIT_SUM_min,0.011215886332982795
S2: 신생 차주 (저연령+단기고용),bureau_AMT_CREDIT_SUM_max,0.012482738352966634
S2: 신생 차주 (저연령+단기고용),bureau_AMT_CREDIT_SUM_mean,0.024785492622537195
S2: 신생 차주 (저연령+단기고용),bureau_AMT_CREDIT_SUM_sum,0.020570535841011803
S2: 신생 차주 (저연령+단기고용),bureau_AMT_CREDIT_SUM_DEBT_min,0.00616524916966151
S2: 신생 차주 (저연령+단기고용),bureau_AMT_CREDIT_SUM_DEBT_max,0.008137212931124349
S2: 신생 차주 (저연령+단기고용),bureau_AMT_CREDIT_SUM_DEBT_mean,0.059810665113350786
S2: 신생 차주 (저연령+단기고용),bureau_AMT_CREDIT_SUM_DEBT_sum,0.006256454716512882
S2: 신생 차주 (저연령+단기고용),bureau_AMT_CREDIT_SUM_LIMIT_min,0.002857653296324564
S2: 신생 차주 (저연령+단기고용),bureau_AMT_CREDIT_SUM_LIMIT_max,0.011853789204553837
S2: 신생 차주 (저연령+단기고용),bureau_AMT_CREDIT_SUM_LIMIT_mean,0.008296775638528531
S2: 신생 차주 (저연령+단기고용),bureau_AMT_CREDIT_SUM_LIMIT_sum,0.0063984273414432885
S2: 신생 차주 (저연령+단기고용),bureau_AMT_CREDIT_SUM_OVERDUE_min,0.0
S2: 신생 차주 (저연령+단기고용),bureau_AMT_CREDIT_SUM_OVERDUE_max,0.00196008242732926
S2: 신생 차주 (저연령+단기고용),bureau_AMT_CREDIT_SUM_OVERDUE_mean,0.0020585332522989512
S2: 신생 차주 (저연령+단기고용),bureau_AMT_CREDIT_SUM_OVERDUE_sum,0.0008569157871897144
S2: 신생 차주 (저연령+단기고용),bureau_CNT_CREDIT_PROLONG_min,0.0
S2: 신생 차주 (저연령+단기고용),bureau_CNT_CREDIT_PROLONG_max,0.0001296289862784349
S2: 신생 차주 (저연령+단기고용),bureau_CNT_CREDIT_PROLONG_mean,0.0002472716090777892
S2: 신생 차주 (저연령+단기고용),bureau_CNT_CREDIT_PROLONG_sum,0.0
S2: 신생 차주 (저연령+단기고용),bureau_AMT_ANNUITY_min,0.003435215710010317
S2: 신생 차주 (저연령+단기고용),bureau_AMT_ANNUITY_max,0.0030089614476408707
S2: 신생 차주 (저연령+단기고용),bureau_AMT_ANNUITY_mean,0.0035832647175600466
S2: 신생 차주 (저연령+단기고용),bureau_AMT_ANNUITY_sum,0.0012714419008802759
S2: 신생 차주 (저연령+단기고용),bureau_count,0.0010741898906567872
S2: 신생 차주 (저연령+단기고용),bureau_active_Active,0.019086296904740563
S2: 신생 차주 (저연령+단기고용),bureau_active_Bad debt,0.0
S2: 신생 차주 (저연령+단기고용),bureau_active_Closed,0.005498335686989524
S2: 신생 차주 (저연령+단기고용),bureau_active_Sold,0.0016930238686776464
S2: 신생 차주 (저연령+단기고용),bureau_type_Another type of loan,0.00010182827313675556
S2: 신생 차주 (저연령+단기고용),bureau_type_Car loan,0.00484916741382799
S2: 신생 차주 (저연령+단기고용),bureau_type_Cash loan (non-earmarked),0.0
S2: 신생 차주 (저연령+단기고용),bureau_type_Consumer credit,0.004814486427383684
S2: 신생 차주 (저연령+단기고용),bureau_type_Credit card,0.002807354188392198
S2: 신생 차주 (저연령+단기고용),bureau_type_Interbank credit,0.0
S2: 신생 차주 (저연령+단기고용),bureau_type_Loan for business development,4.063514105691653e-05
S2: 신생 차주 (저연령+단기고용),bureau_type_Loan for purchase of shares (margin lending),0.0
S2: 신생 차주 (저연령+단기고용),bureau_type_Loan for the purchase of equipment,0.0
S2: 신생 차주 (저연령+단기고용),bureau_type_Loan for working capital replenishment,0.0
S2: 신생 차주 (저연령+단기고용),bureau_type_Microloan,0.009017127244836321
S2: 신생 차주 (저연령+단기고용),bureau_type_Mobile operator loan,0.0
S2: 신생 차주 (저연령+단기고용),bureau_type_Mortgage,0.014503189359819695
S2: 신생 차주 (저연령+단기고용),bureau_type_Real estate loan,0.0
S2: 신생 차주 (저연령+단기고용),bureau_type_Unknown type of loan,0.0
S2: 신생 차주 (저연령+단기고용),has_bureau,0.0
S2: 신생 차주 (저연령+단기고용),bureau_count_filled,0.0
S2: 신생 차주 (저연령+단기고용),rule_segment,0.03827554456622339
S4: 안정 차주 (고연령+양호),NAME_CONTRACT_TYPE,0.041380158263397394
S4: 안정 차주 (고연령+양호),CODE_GENDER,0.09836779541947585
S4: 안정 차주 (고연령+양호),FLAG_OWN_CAR,0.002262438366238791
S4: 안정 차주 (고연령+양호),FLAG_OWN_REALTY,0.003368361454661463
S4: 안정 차주 (고연령+양호),CNT_CHILDREN,0.0004398691857571524
S4: 안정 차주 (고연령+양호),AMT_INCOME_TOTAL,0.01573970012380157
S4: 안정 차주 (고연령+양호),AMT_CREDIT,0.10213600567310527
S4: 안정 차주 (고연령+양호),AMT_ANNUITY,0.0665088851970809
S4: 안정 차주 (고연령+양호),AMT_GOODS_PRICE,0.12152895640387411
S4: 안정 차주 (고연령+양호),NAME_TYPE_SUITE,0.0027756694958574785
S4: 안정 차주 (고연령+양호),NAME_INCOME_TYPE,0.009626131820833416
S4: 안정 차주 (고연령+양호),NAME_EDUCATION_TYPE,0.06517013085522186
S4: 안정 차주 (고연령+양호),NAME_FAMILY_STATUS,0.04119180730714627
S4: 안정 차주 (고연령+양호),NAME_HOUSING_TYPE,0.004611739644218048
S4: 안정 차주 (고연령+양호),REGION_POPULATION_RELATIVE,0.0101806049678201
S4: 안정 차주 (고연령+양호),DAYS_BIRTH,0.053566956737344906
S4: 안정 차주 (고연령+양호),DAYS_EMPLOYED,0.0832798809218598
S4: 안정 차주 (고연령+양호),DAYS_REGISTRATION,0.014568177438758403
S4: 안정 차주 (고연령+양호),DAYS_ID_PUBLISH,0.04289131021318395
S4: 안정 차주 (고연령+양호),OWN_CAR_AGE,0.06803454597922733
S4: 안정 차주 (고연령+양호),FLAG_MOBIL,0.0
S4: 안정 차주 (고연령+양호),FLAG_EMP_PHONE,0.0
S4: 안정 차주 (고연령+양호),FLAG_WORK_PHONE,0.01510252653824881
S4: 안정 차주 (고연령+양호),FLAG_CONT_MOBILE,0.00014853191012434558
S4: 안정 차주 (고연령+양호),FLAG_PHONE,0.011190239963801136
S4: 안정 차주 (고연령+양호),FLAG_EMAIL,0.0001603488626893129
S4: 안정 차주 (고연령+양호),OCCUPATION_TYPE,0.04306784998341776
S4: 안정 차주 (고연령+양호),CNT_FAM_MEMBERS,0.0012831655768586801
S4: 안정 차주 (고연령+양호),REGION_RATING_CLIENT,0.00047328715878683597
S4: 안정 차주 (고연령+양호),REGION_RATING_CLIENT_W_CITY,0.025062558311440785
S4: 안정 차주 (고연령+양호),WEEKDAY_APPR_PROCESS_START,0.01714824262922851
S4: 안정 차주 (고연령+양호),HOUR_APPR_PROCESS_START,0.00604817706316649
S4: 안정 차주 (고연령+양호),REG_REGION_NOT_LIVE_REGION,0.0
S4: 안정 차주 (고연령+양호),REG_REGION_NOT_WORK_REGION,3.515027828942644e-05
S4: 안정 차주 (고연령+양호),LIVE_REGION_NOT_WORK_REGION,7.691923203646287e-05
S4: 안정 차주 (고연령+양호),REG_CITY_NOT_LIVE_CITY,0.012693618341646399
S4: 안정 차주 (고연령+양호),REG_CITY_NOT_WORK_CITY,7.652847286761222e-05
S4: 안정 차주 (고연령+양호),LIVE_CITY_NOT_WORK_CITY,0.00021098507175176072
S4: 안정 차주 (고연령+양호),ORGANIZATION_TYPE,0.08009426819217637
S4: 안정 차주 (고연령+양호),EXT_SOURCE_1,0.12110310934187482
S4: 안정 차주 (고연령+양호),EXT_SOURCE_2,0.23318259540056266
S4: 안정 차주 (고연령+양호),EXT_SOURCE_3,0.30785643244719535
S4: 안정 차주 (고연령+양호),APARTMENTS_AVG,0.004259447830002275
S4: 안정 차주 (고연령+양호),BASEMENTAREA_AVG,0.0014769904909976209
S4: 안정 차주 (고연령+양호),YEARS_BEGINEXPLUATATION_AVG,0.003945109426988597
S4: 안정 차주 (고연령+양호),YEARS_BUILD_AVG,0.0009662964857797835
S4: 안정 차주 (고연령+양호),COMMONAREA_AVG,0.0013549070477966404
S4: 안정 차주 (고연령+양호),ELEVATORS_AVG,0.0017044726745490582
S4: 안정 차주 (고연령+양호),ENTRANCES_AVG,0.001280639090277816
S4: 안정 차주 (고연령+양호),FLOORSMAX_AVG,0.0012470439318951116
S4: 안정 차주 (고연령+양호),FLOORSMIN_AVG,0.0011177735364278159
S4: 안정 차주 (고연령+양호),LANDAREA_AVG,0.0023498265718180956
S4: 안정 차주 (고연령+양호),LIVINGAPARTMENTS_AVG,0.0019239439515303647
S4: 안정 차주 (고연령+양호),LIVINGAREA_AVG,0.002081552182879554
S4: 안정 차주 (고연령+양호),NONLIVINGAPARTMENTS_AVG,0.0042287154596092336
S4: 안정 차주 (고연령+양호),NONLIVINGAREA_AVG,0.0021983388038188645
S4: 안정 차주 (고연령+양호),APARTMENTS_MODE,0.002147207792044014
S4: 안정 차주 (고연령+양호),BASEMENTAREA_MODE,0.0021837796525823955
S4: 안정 차주 (고연령+양호),YEARS_BEGINEXPLUATATION_MODE,0.007494648477753437
S4: 안정 차주 (고연령+양호),YEARS_BUILD_MODE,0.0012678353661838874
S4: 안정 차주 (고연령+양호),COMMONAREA_MODE,0.002005104259449234
S4: 안정 차주 (고연령+양호),ELEVATORS_MODE,0.0005174350790880875
S4: 안정 차주 (고연령+양호),ENTRANCES_MODE,0.0006876130864504731
S4: 안정 차주 (고연령+양호),FLOORSMAX_MODE,0.0006510540835836264
S4: 안정 차주 (고연령+양호),FLOORSMIN_MODE,0.0003143425080020126
S4: 안정 차주 (고연령+양호),LANDAREA_MODE,0.001944548570935166
S4: 안정 차주 (고연령+양호),LIVINGAPARTMENTS_MODE,0.001127511876466265
S4: 안정 차주 (고연령+양호),LIVINGAREA_MODE,0.002091913582385494
S4: 안정 차주 (고연령+양호),NONLIVINGAPARTMENTS_MODE,0.0005567613477193818
S4: 안정 차주 (고연령+양호),NONLIVINGAREA_MODE,0.0021919498957019045
S4: 안정 차주 (고연령+양호),APARTMENTS_MEDI,0.014046774372303051
S4: 안정 차주 (고연령+양호),BASEMENTAREA_MEDI,0.0015888470187082513
S4: 안정 차주 (고연령+양호),YEARS_BEGINEXPLUATATION_MEDI,0.001656521209202896
S4: 안정 차주 (고연령+양호),YEARS_BUILD_MEDI,0.000132372847367629
S4: 안정 차주 (고연령+양호),COMMONAREA_MEDI,0.0008976822119315791
S4: 안정 차주 (고연령+양호),ELEVATORS_MEDI,0.0003067028024608164
S4: 안정 차주 (고연령+양호),ENTRANCES_MEDI,0.0009548714225478283
S4: 안정 차주 (고연령+양호),FLOORSMAX_MEDI,0.005131691716529338
S4: 안정 차주 (고연령+양호),FLOORSMIN_MEDI,0.00040299348589354993
S4: 안정 차주 (고연령+양호),LANDAREA_MEDI,0.001397869557243863
S4: 안정 차주 (고연령+양호),LIVINGAPARTMENTS_MEDI,0.0015686170597151504
S4: 안정 차주 (고연령+양호),LIVINGAREA_MEDI,0.0007925163366314817
S4: 안정 차주 (고연령+양호),NONLIVINGAPARTMENTS_MEDI,0.0012050045717836187
S4: 안정 차주 (고연령+양호),NONLIVINGAREA_MEDI,0.00045448386539637174
S4: 안정 차주 (고연령+양호),FONDKAPREMONT_MODE,0.0
S4: 안정 차주 (고연령+양호),HOUSETYPE_MODE,0.00017690389846606634
S4: 안정 차주 (고연령+양호),TOTALAREA_MODE,0.005099825853458862
S4: 안정 차주 (고연령+양호),WALLSMATERIAL_MODE,0.00795941422250061
S4: 안정 차주 (고연령+양호),EMERGENCYSTATE_MODE,0.0005061334393187989
S4: 안정 차주 (고연령+양호),OBS_30_CNT_SOCIAL_CIRCLE,0.003022786157037054
S4: 안정 차주 (고연령+양호),DEF_30_CNT_SOCIAL_CIRCLE,0.021053123442747387
S4: 안정 차주 (고연령+양호),OBS_60_CNT_SOCIAL_CIRCLE,0.004314755634607996
S4: 안정 차주 (고연령+양호),DEF_60_CNT_SOCIAL_CIRCLE,0.012047389774107567
S4: 안정 차주 (고연령+양호),DAYS_LAST_PHONE_CHANGE,0.026142930323307903
S4: 안정 차주 (고연령+양호),FLAG_DOCUMENT_2,0.0
S4: 안정 차주 (고연령+양호),FLAG_DOCUMENT_3,0.023338746297085388
S4: 안정 차주 (고연령+양호),FLAG_DOCUMENT_4,0.0
S4: 안정 차주 (고연령+양호),FLAG_DOCUMENT_5,0.0
S4: 안정 차주 (고연령+양호),FLAG_DOCUMENT_6,0.00019804976721361252
S4: 안정 차주 (고연령+양호),FLAG_DOCUMENT_7,0.0
S4: 안정 차주 (고연령+양호),FLAG_DOCUMENT_8,0.00022096828287222864
S4: 안정 차주 (고연령+양호),FLAG_DOCUMENT_9,0.0
S4: 안정 차주 (고연령+양호),FLAG_DOCUMENT_10,0.0
S4: 안정 차주 (고연령+양호),FLAG_DOCUMENT_11,7.818027216015352e-05
S4: 안정 차주 (고연령+양호),FLAG_DOCUMENT_12,0.0
S4: 안정 차주 (고연령+양호),FLAG_DOCUMENT_13,0.0020056659609119848
S4: 안정 차주 (고연령+양호),FLAG_DOCUMENT_14,0.0
S4: 안정 차주 (고연령+양호),FLAG_DOCUMENT_15,0.0
S4: 안정 차주 (고연령+양호),FLAG_DOCUMENT_16,0.004082827068267367
S4: 안정 차주 (고연령+양호),FLAG_DOCUMENT_17,0.0
S4: 안정 차주 (고연령+양호),FLAG_DOCUMENT_18,0.002523942095123552
S4: 안정 차주 (고연령+양호),FLAG_DOCUMENT_19,0.0
S4: 안정 차주 (고연령+양호),FLAG_DOCUMENT_20,0.0
S4: 안정 차주 (고연령+양호),FLAG_DOCUMENT_21,0.0
S4: 안정 차주 (고연령+양호),AMT_REQ_CREDIT_BUREAU_HOUR,2.658369321620907e-05
S4: 안정 차주 (고연령+양호),AMT_REQ_CREDIT_BUREAU_DAY,0.0008306251210437707
S4: 안정 차주 (고연령+양호),AMT_REQ_CREDIT_BUREAU_WEEK,0.00014390420198667523
S4: 안정 차주 (고연령+양호),AMT_REQ_CREDIT_BUREAU_MON,0.00047305687578027487
S4: 안정 차주 (고연령+양호),AMT_REQ_CREDIT_BUREAU_QRT,0.02470946607763493
S4: 안정 차주 (고연령+양호),AMT_REQ_CREDIT_BUREAU_YEAR,0.012952116631781257
S4: 안정 차주 (고연령+양호),bureau_DAYS_CREDIT_min,0.004701437214679136
S4: 안정 차주 (고연령+양호),bureau_DAYS_CREDIT_max,0.029006617534887397
S4: 안정 차주 (고연령+양호),bureau_DAYS_CREDIT_mean,0.02287224095777922
S4: 안정 차주 (고연령+양호),bureau_DAYS_CREDIT_sum,0.008359160065506601
S4: 안정 차주 (고연령+양호),bureau_DAYS_CREDIT_ENDDATE_min,0.005130912343305466
S4: 안정 차주 (고연령+양호),bureau_DAYS_CREDIT_ENDDATE_max,0.05136044808595219
S4: 안정 차주 (고연령+양호),bureau_DAYS_CREDIT_ENDDATE_mean,0.006288230323356416
S4: 안정 차주 (고연령+양호),bureau_DAYS_CREDIT_ENDDATE_sum,0.010443239161653331
S4: 안정 차주 (고연령+양호),bureau_DAYS_CREDIT_UPDATE_min,0.0036741145018713665
S4: 안정 차주 (고연령+양호),bureau_DAYS_CREDIT_UPDATE_max,0.011145214186647054
S4: 안정 차주 (고연령+양호),bureau_DAYS_CREDIT_UPDATE_mean,0.00753981619944078
S4: 안정 차주 (고연령+양호),bureau_DAYS_CREDIT_UPDATE_sum,0.005290488933673537
S4: 안정 차주 (고연령+양호),bureau_AMT_CREDIT_SUM_min,0.012630782695651122
S4: 안정 차주 (고연령+양호),bureau_AMT_CREDIT_SUM_max,0.009296493973311205
S4: 안정 차주 (고연령+양호),bureau_AMT_CREDIT_SUM_mean,0.02296851267121687
S4: 안정 차주 (고연령+양호),bureau_AMT_CREDIT_SUM_sum,0.017457221719408576
S4: 안정 차주 (고연령+양호),bureau_AMT_CREDIT_SUM_DEBT_min,0.005034599401357699
S4: 안정 차주 (고연령+양호),bureau_AMT_CREDIT_SUM_DEBT_max,0.009358543098675764
S4: 안정 차주 (고연령+양호),bureau_AMT_CREDIT_SUM_DEBT_mean,0.07493909046522025
S4: 안정 차주 (고연령+양호),bureau_AMT_CREDIT_SUM_DEBT_sum,0.0068407834273991166
S4: 안정 차주 (고연령+양호),bureau_AMT_CREDIT_SUM_LIMIT_min,0.0021603286134305767
S4: 안정 차주 (고연령+양호),bureau_AMT_CREDIT_SUM_LIMIT_max,0.015224024061016242
S4: 안정 차주 (고연령+양호),bureau_AMT_CREDIT_SUM_LIMIT_mean,0.009280154992604848
S4: 안정 차주 (고연령+양호),bureau_AMT_CREDIT_SUM_LIMIT_sum,0.006007521278990534
S4: 안정 차주 (고연령+양호),bureau_AMT_CREDIT_SUM_OVERDUE_min,0.0
S4: 안정 차주 (고연령+양호),bureau_AMT_CREDIT_SUM_OVERDUE_max,0.001466431276227532
S4: 안정 차주 (고연령+양호),bureau_AMT_CREDIT_SUM_OVERDUE_mean,0.0011930776158167848
S4: 안정 차주 (고연령+양호),bureau_AMT_CREDIT_SUM_OVERDUE_sum,0.0005606908831449129
S4: 안정 차주 (고연령+양호),bureau_CNT_CREDIT_PROLONG_min,0.0
S4: 안정 차주 (고연령+양호),bureau_CNT_CREDIT_PROLONG_max,0.00012653381639128337
S4: 안정 차주 (고연령+양호),bureau_CNT_CREDIT_PROLONG_mean,0.00030032907599538897
S4: 안정 차주 (고연령+양호),bureau_CNT_CREDIT_PROLONG_sum,0.0
S4: 안정 차주 (고연령+양호),bureau_AMT_ANNUITY_min,0.002516169444469095
S4: 안정 차주 (고연령+양호),bureau_AMT_ANNUITY_max,0.002547811054030109
S4: 안정 차주 (고연령+양호),bureau_AMT_ANNUITY_mean,0.002747604415494892
S4: 안정 차주 (고연령+양호),bureau_AMT_ANNUITY_sum,0.001812926520951144
S4: 안정 차주 (고연령+양호),bureau_count,0.001058352629988502
S4: 안정 차주 (고연령+양호),bureau_active_Active,0.030005509576688988
S4: 안정 차주 (고연령+양호),bureau_active_Bad debt,0.0
S4: 안정 차주 (고연령+양호),bureau_active_Closed,0.009115351482487148
S4: 안정 차주 (고연령+양호),bureau_active_Sold,0.002685737817544673
S4: 안정 차주 (고연령+양호),bureau_type_Another type of loan,6.647226950057448e-05
S4: 안정 차주 (고연령+양호),bureau_type_Car loan,0.006953109789318995
S4: 안정 차주 (고연령+양호),bureau_type_Cash loan (non-earmarked),0.0
S4: 안정 차주 (고연령+양호),bureau_type_Consumer credit,0.004433210368447981
S4: 안정 차주 (고연령+양호),bureau_type_Credit card,0.004150729055492693
S4: 안정 차주 (고연령+양호),bureau_type_Interbank credit,0.0
S4: 안정 차주 (고연령+양호),bureau_type_Loan for business development,0.00011061417878675516
S4: 안정 차주 (고연령+양호),bureau_type_Loan for purchase of shares (margin lending),0.0
S4: 안정 차주 (고연령+양호),bureau_type_Loan for the purchase of equipment,0.0
S4: 안정 차주 (고연령+양호),bureau_type_Loan for working capital replenishment,0.0
S4: 안정 차주 (고연령+양호),bureau_type_Microloan,0.008594182601089106
S4: 안정 차주 (고연령+양호),bureau_type_Mobile operator loan,0.0
S4: 안정 차주 (고연령+양호),bureau_type_Mortgage,0.012139850635048074
S4: 안정 차주 (고연령+양호),bureau_type_Real estate loan,0.0
S4: 안정 차주 (고연령+양호),bureau_type_Unknown type of loan,0.0
S4: 안정 차주 (고연령+양호),has_bureau,0.0
S4: 안정 차주 (고연령+양호),bureau_count_filled,0.0
S4: 안정 차주 (고연령+양호),rule_segment,0.060597768457119706
S3: 과대출 (고DTI 단독),NAME_CONTRACT_TYPE,0.026219162994210586
S3: 과대출 (고DTI 단독),CODE_GENDER,0.06902110986940495
S3: 과대출 (고DTI 단독),FLAG_OWN_CAR,0.0017388213964524
S3: 과대출 (고DTI 단독),FLAG_OWN_REALTY,0.004377657093945456
S3: 과대출 (고DTI 단독),CNT_CHILDREN,0.0008958114040791439
S3: 과대출 (고DTI 단독),AMT_INCOME_TOTAL,0.032260480618055046
S3: 과대출 (고DTI 단독),AMT_CREDIT,0.10525764701180707
S3: 과대출 (고DTI 단독),AMT_ANNUITY,0.08151481704376817
S3: 과대출 (고DTI 단독),AMT_GOODS_PRICE,0.18560812250487835
S3: 과대출 (고DTI 단독),NAME_TYPE_SUITE,0.004502869420495905
S3: 과대출 (고DTI 단독),NAME_INCOME_TYPE,0.010884068635766742
S3: 과대출 (고DTI 단독),NAME_EDUCATION_TYPE,0.057219789603462336
S3: 과대출 (고DTI 단독),NAME_FAMILY_STATUS,0.0366062665925295
S3: 과대출 (고DTI 단독),NAME_HOUSING_TYPE,0.005340244896687311
S3: 과대출 (고DTI 단독),REGION_POPULATION_RELATIVE,0.009518204617780792
S3: 과대출 (고DTI 단독),DAYS_BIRTH,0.04909313630304857
S3: 과대출 (고DTI 단독),DAYS_EMPLOYED,0.08641429155730058
S3: 과대출 (고DTI 단독),DAYS_REGISTRATION,0.015961928693631975
S3: 과대출 (고DTI 단독),DAYS_ID_PUBLISH,0.04060511547841476
S3: 과대출 (고DTI 단독),OWN_CAR_AGE,0.07125769754059674
S3: 과대출 (고DTI 단독),FLAG_MOBIL,0.0
S3: 과대출 (고DTI 단독),FLAG_EMP_PHONE,0.0
S3: 과대출 (고DTI 단독),FLAG_WORK_PHONE,0.014677790932383583
S3: 과대출 (고DTI 단독),FLAG_CONT_MOBILE,7.757981469015438e-05
S3: 과대출 (고DTI 단독),FLAG_PHONE,0.011278582534939638
S3: 과대출 (고DTI 단독),FLAG_EMAIL,0.00011836130338129447
S3: 과대출 (고DTI 단독),OCCUPATION_TYPE,0.046829396276474804
S3: 과대출 (고DTI 단독),CNT_FAM_MEMBERS,0.0024496126691804856
S3: 과대출 (고DTI 단독),REGION_RATING_CLIENT,0.0005072595809112274
S3: 과대출 (고DTI 단독),REGION_RATING_CLIENT_W_CITY,0.031143744656315416
S3: 과대출 (고DTI 단독),WEEKDAY_APPR_PROCESS_START,0.015344467041736178
S3: 과대출 (고DTI 단독),HOUR_APPR_PROCESS_START,0.006717069037121222
S3: 과대출 (고DTI 단독),REG_REGION_NOT_LIVE_REGION,0.0
S3: 과대출 (고DTI 단독),REG_REGION_NOT_WORK_REGION,2.543728327211623e-05
S3: 과대출 (고DTI 단독),LIVE_REGION_NOT_WORK_REGION,4.703158146061963e-05
S3: 과대출 (고DTI 단독),REG_CITY_NOT_LIVE_CITY,0.013561592977948954
S3: 과대출 (고DTI 단독),REG_CITY_NOT_WORK_CITY,0.00012017719055362274
S3: 과대출 (고DTI 단독),LIVE_CITY_NOT_WORK_CITY,0.00016834022618680364
S3: 과대출 (고DTI 단독),ORGANIZATION_TYPE,0.08039030662834046
S3: 과대출 (고DTI 단독),EXT_SOURCE_1,0.13431654145368752
S3: 과대출 (고DTI 단독),EXT_SOURCE_2,0.1960968443124841
S3: 과대출 (고DTI 단독),EXT_SOURCE_3,0.2953769673720221
S3: 과대출 (고DTI 단독),APARTMENTS_AVG,0.004392146981352392
S3: 과대출 (고DTI 단독),BASEMENTAREA_AVG,0.0013911138283862418
S3: 과대출 (고DTI 단독),YEARS_BEGINEXPLUATATION_AVG,0.003759864392378066
S3: 과대출 (고DTI 단독),YEARS_BUILD_AVG,0.0008433669647975906
S3: 과대출 (고DTI 단독),COMMONAREA_AVG,0.0011445610711474823
S3: 과대출 (고DTI 단독),ELEVATORS_AVG,0.0015320885996240531
S3: 과대출 (고DTI 단독),ENTRANCES_AVG,0.001382607602191472
S3: 과대출 (고DTI 단독),FLOORSMAX_AVG,0.0012304833143661805
S3: 과대출 (고DTI 단독),FLOORSMIN_AVG,0.0010476543076439555
S3: 과대출 (고DTI 단독),LANDAREA_AVG,0.0018261485300129583
S3: 과대출 (고DTI 단독),LIVINGAPARTMENTS_AVG,0.0017473845297088645
S3: 과대출 (고DTI 단독),LIVINGAREA_AVG,0.0028723521449561997
S3: 과대출 (고DTI 단독),NONLIVINGAPARTMENTS_AVG,0.0038814507585933364
S3: 과대출 (고DTI 단독),NONLIVINGAREA_AVG,0.002733006344884104
S3: 과대출 (고DTI 단독),APARTMENTS_MODE,0.0018871827174322907
S3: 과대출 (고DTI 단독),BASEMENTAREA_MODE,0.001805449523195329
S3: 과대출 (고DTI 단독),YEARS_BEGINEXPLUATATION_MODE,0.007914705497750868
S3: 과대출 (고DTI 단독),YEARS_BUILD_MODE,0.000940293524192503
S3: 과대출 (고DTI 단독),COMMONAREA_MODE,0.0017274700566655488
S3: 과대출 (고DTI 단독),ELEVATORS_MODE,0.00037852743750135283
S3: 과대출 (고DTI 단독),ENTRANCES_MODE,0.000830502710071789
S3: 과대출 (고DTI 단독),FLOORSMAX_MODE,0.0006077429877865212
S3: 과대출 (고DTI 단독),FLOORSMIN_MODE,0.00018697569231698464
S3: 과대출 (고DTI 단독),LANDAREA_MODE,0.0018278020011274208
S3: 과대출 (고DTI 단독),LIVINGAPARTMENTS_MODE,0.0009861007724237907
S3: 과대출 (고DTI 단독),LIVINGAREA_MODE,0.0020896200808810314
S3: 과대출 (고DTI 단독),NONLIVINGAPARTMENTS_MODE,0.0009854311770536497
S3: 과대출 (고DTI 단독),NONLIVINGAREA_MODE,0.0016347510692724502
S3: 과대출 (고DTI 단독),APARTMENTS_MEDI,0.012739030842873698
S3: 과대출 (고DTI 단독),BASEMENTAREA_MEDI,0.0019197508614646759
S3: 과대출 (고DTI 단독),YEARS_BEGINEXPLUATATION_MEDI,0.0013306300081250438
S3: 과대출 (고DTI 단독),YEARS_BUILD_MEDI,0.00015349514193598282
S3: 과대출 (고DTI 단독),COMMONAREA_MEDI,0.000749828035397018
S3: 과대출 (고DTI 단독),ELEVATORS_MEDI,0.00012359778993157726
S3: 과대출 (고DTI 단독),ENTRANCES_MEDI,0.0008988324209584336
S3: 과대출 (고DTI 단독),FLOORSMAX_MEDI,0.004789626333520238
S3: 과대출 (고DTI 단독),FLOORSMIN_MEDI,0.00030194893355434707
S3: 과대출 (고DTI 단독),LANDAREA_MEDI,0.0010512350246608532
S3: 과대출 (고DTI 단독),LIVINGAPARTMENTS_MEDI,0.0012966968022242284
S3: 과대출 (고DTI 단독),LIVINGAREA_MEDI,0.0009620023228553699
S3: 과대출 (고DTI 단독),NONLIVINGAPARTMENTS_MEDI,0.0007067543158838426
S3: 과대출 (고DTI 단독),NONLIVINGAREA_MEDI,0.004666038480296027
S3: 과대출 (고DTI 단독),FONDKAPREMONT_MODE,0.0
S3: 과대출 (고DTI 단독),HOUSETYPE_MODE,0.00019308826148900501
S3: 과대출 (고DTI 단독),TOTALAREA_MODE,0.004890636356931643
S3: 과대출 (고DTI 단독),WALLSMATERIAL_MODE,0.008071996555641187
S3: 과대출 (고DTI 단독),EMERGENCYSTATE_MODE,0.00019743259025479672
S3: 과대출 (고DTI 단독),OBS_30_CNT_SOCIAL_CIRCLE,0.0032720858231803486
S3: 과대출 (고DTI 단독),DEF_30_CNT_SOCIAL_CIRCLE,0.01827176432473784
S3: 과대출 (고DTI 단독),OBS_60_CNT_SOCIAL_CIRCLE,0.003794779860875391
S3: 과대출 (고DTI 단독),DEF_60_CNT_SOCIAL_CIRCLE,0.011445341118662652
S3: 과대출 (고DTI 단독),DAYS_LAST_PHONE_CHANGE,0.02323051064915799
S3: 과대출 (고DTI 단독),FLAG_DOCUMENT_2,0.0
S3: 과대출 (고DTI 단독),FLAG_DOCUMENT_3,0.015462817226718098
S3: 과대출 (고DTI 단독),FLAG_DOCUMENT_4,0.0
S3: 과대출 (고DTI 단독),FLAG_DOCUMENT_5,0.0
S3: 과대출 (고DTI 단독),FLAG_DOCUMENT_6,0.0015219197332744308
S3: 과대출 (고DTI 단독),FLAG_DOCUMENT_7,0.0
S3: 과대출 (고DTI 단독),FLAG_DOCUMENT_8,0.0008149337066972138
S3: 과대출 (고DTI 단독),FLAG_DOCUMENT_9,0.0
S3: 과대출 (고DTI 단독),FLAG_DOCUMENT_10,0.0
S3: 과대출 (고DTI 단독),FLAG_DOCUMENT_11,0.00025657331146743557
S3: 과대출 (고DTI 단독),FLAG_DOCUMENT_12,0.0
S3: 과대출 (고DTI 단독),FLAG_DOCUMENT_13,0.004070813448535254
S3: 과대출 (고DTI 단독),FLAG_DOCUMENT_14,0.0
S3: 과대출 (고DTI 단독),FLAG_DOCUMENT_15,0.0
S3: 과대출 (고DTI 단독),FLAG_DOCUMENT_16,0.00768276988498653
S3: 과대출 (고DTI 단독),FLAG_DOCUMENT_17,0.0
S3: 과대출 (고DTI 단독),FLAG_DOCUMENT_18,0.005429699023175989
S3: 과대출 (고DTI 단독),FLAG_DOCUMENT_19,0.0
S3: 과대출 (고DTI 단독),FLAG_DOCUMENT_20,0.0
S3: 과대출 (고DTI 단독),FLAG_DOCUMENT_21,0.0
S3: 과대출 (고DTI 단독),AMT_REQ_CREDIT_BUREAU_HOUR,2.8387674253505924e-05
S3: 과대출 (고DTI 단독),AMT_REQ_CREDIT_BUREAU_DAY,0.000645197351193606
S3: 과대출 (고DTI 단독),AMT_REQ_CREDIT_BUREAU_WEEK,0.00016830979924594601
S3: 과대출 (고DTI 단독),AMT_REQ_CREDIT_BUREAU_MON,0.0005394371331411296
S3: 과대출 (고DTI 단독),AMT_REQ_CREDIT_BUREAU_QRT,0.033292562430763756
S3: 과대출 (고DTI 단독),AMT_REQ_CREDIT_BUREAU_YEAR,0.012559630028401339
S3: 과대출 (고DTI 단독),bureau_DAYS_CREDIT_min,0.006316993323301077
S3: 과대출 (고DTI 단독),bureau_DAYS_CREDIT_max,0.027823121307863404
S3: 과대출 (고DTI 단독),bureau_DAYS_CREDIT_mean,0.02427713511067069
S3: 과대출 (고DTI 단독),bureau_DAYS_CREDIT_sum,0.00842574719151702
S3: 과대출 (고DTI 단독),bureau_DAYS_CREDIT_ENDDATE_min,0.0055141823080194505
S3: 과대출 (고DTI 단독),bureau_DAYS_CREDIT_ENDDATE_max,0.06140357900001445
S3: 과대출 (고DTI 단독),bureau_DAYS_CREDIT_ENDDATE_mean,0.006092177738321579
S3: 과대출 (고DTI 단독),bureau_DAYS_CREDIT_ENDDATE_sum,0.009031424752073103
S3: 과대출 (고DTI 단독),bureau_DAYS_CREDIT_UPDATE_min,0.004202736164157075
S3: 과대출 (고DTI 단독),bureau_DAYS_CREDIT_UPDATE_max,0.014017803803636517
S3: 과대출 (고DTI 단독),bureau_DAYS_CREDIT_UPDATE_mean,0.011626571208156428
S3: 과대출 (고DTI 단독),bureau_DAYS_CREDIT_UPDATE_sum,0.0047848652321130485
S3: 과대출 (고DTI 단독),bureau_AMT_CREDIT_SUM_min,0.011674498172608287
S3: 과대출 (고DTI 단독),bureau_AMT_CREDIT_SUM_max,0.010434145438329793
S3: 과대출 (고DTI 단독),bureau_AMT_CREDIT_SUM_mean,0.022158502739975078
S3: 과대출 (고DTI 단독),bureau_AMT_CREDIT_SUM_sum,0.018607503664779586
S3: 과대출 (고DTI 단독),bureau_AMT_CREDIT_SUM_DEBT_min,0.004606059662591734
S3: 과대출 (고DTI 단독),bureau_AMT_CREDIT_SUM_DEBT_max,0.010797295435716909
S3: 과대출 (고DTI 단독),bureau_AMT_CREDIT_SUM_DEBT_mean,0.07629918463184578
S3: 과대출 (고DTI 단독),bureau_AMT_CREDIT_SUM_DEBT_sum,0.005343887727885973
S3: 과대출 (고DTI 단독),bureau_AMT_CREDIT_SUM_LIMIT_min,0.00197647360307011
S3: 과대출 (고DTI 단독),bureau_AMT_CREDIT_SUM_LIMIT_max,0.014746951176958364
S3: 과대출 (고DTI 단독),bureau_AMT_CREDIT_SUM_LIMIT_mean,0.008711133274036833
S3: 과대출 (고DTI 단독),bureau_AMT_CREDIT_SUM_LIMIT_sum,0.005819336775388836
S3: 과대출 (고DTI 단독),bureau_AMT_CREDIT_SUM_OVERDUE_min,0.0
S3: 과대출 (고DTI 단독),bureau_AMT_CREDIT_SUM_OVERDUE_max,0.0012421817172014243
S3: 과대출 (고DTI 단독),bureau_AMT_CREDIT_SUM_OVERDUE_mean,0.001083342755561952
S3: 과대출 (고DTI 단독),bureau_AMT_CREDIT_SUM_OVERDUE_sum,0.0005122511660507916
S3: 과대출 (고DTI 단독),bureau_CNT_CREDIT_PROLONG_min,0.0
S3: 과대출 (고DTI 단독),bureau_CNT_CREDIT_PROLONG_max,0.0001894648654636298
S3: 과대출 (고DTI 단독),bureau_CNT_CREDIT_PROLONG_mean,0.00021327549281071841
S3: 과대출 (고DTI 단독),bureau_CNT_CREDIT_PROLONG_sum,0.0
S3: 과대출 (고DTI 단독),bureau_AMT_ANNUITY_min,0.0019147670274683676
S3: 과대출 (고DTI 단독),bureau_AMT_ANNUITY_max,0.00219266625360443
S3: 과대출 (고DTI 단독),bureau_AMT_ANNUITY_mean,0.0022380025056922444
S3: 과대출 (고DTI 단독),bureau_AMT_ANNUITY_sum,0.003414102574529999
S3: 과대출 (고DTI 단독),bureau_count,0.001308607471555773
S3: 과대출 (고DTI 단독),bureau_active_Active,0.025875255717601926
S3: 과대출 (고DTI 단독),bureau_active_Bad debt,0.0
S3: 과대출 (고DTI 단독),bureau_active_Closed,0.007381896169190667
S3: 과대출 (고DTI 단독),bureau_active_Sold,0.0024051789651363463
S3: 과대출 (고DTI 단독),bureau_type_Another type of loan,4.7666420651763985e-05
S3: 과대출 (고DTI 단독),bureau_type_Car loan,0.005339356004472298
S3: 과대출 (고DTI 단독),bureau_type_Cash loan (non-earmarked),0.0
S3: 과대출 (고DTI 단독),bureau_type_Consumer credit,0.0038736296578635795
S3: 과대출 (고DTI 단독),bureau_type_Credit card,0.004039810937097841
S3: 과대출 (고DTI 단독),bureau_type_Interbank credit,0.0
S3: 과대출 (고DTI 단독),bureau_type_Loan for business development,8.138323728183055e-05
S3: 과대출 (고DTI 단독),bureau_type_Loan for purchase of shares (margin lending),0.0
S3: 과대출 (고DTI 단독),bureau_type_Loan for the purchase of equipment,0.0
S3: 과대출 (고DTI 단독),bureau_type_Loan for working capital replenishment,0.0
S3: 과대출 (고DTI 단독),bureau_type_Microloan,0.005277381365681695
S3: 과대출 (고DTI 단독),bureau_type_Mobile operator loan,0.0
S3: 과대출 (고DTI 단독),bureau_type_Mortgage,0.015557961134314537
S3: 과대출 (고DTI 단독),bureau_type_Real estate loan,0.0
S3: 과대출 (고DTI 단독),bureau_type_Unknown type of loan,0.0
S3: 과대출 (고DTI 단독),has_bureau,0.0
S3: 과대출 (고DTI 단독),bureau_count_filled,0.0
S3: 과대출 (고DTI 단독),rule_segment,0.03696822004554107
S1: 고위험 (저신용+고DTI),NAME_CONTRACT_TYPE,0.023977044658315495
S1: 고위험 (저신용+고DTI),CODE_GENDER,0.08529466251982272
S1: 고위험 (저신용+고DTI),FLAG_OWN_CAR,0.0025557862539704445
S1: 고위험 (저신용+고DTI),FLAG_OWN_REALTY,0.003946561952518635
S1: 고위험 (저신용+고DTI),CNT_CHILDREN,0.0007091663661942925
S1: 고위험 (저신용+고DTI),AMT_INCOME_TOTAL,0.027637711273306415
S1: 고위험 (저신용+고DTI),AMT_CREDIT,0.1017034044331205
S1: 고위험 (저신용+고DTI),AMT_ANNUITY,0.07253482950822582
S1: 고위험 (저신용+고DTI),AMT_GOODS_PRICE,0.18294431324901803
S1: 고위험 (저신용+고DTI),NAME_TYPE_SUITE,0.0039485810293503195
S1: 고위험 (저신용+고DTI),NAME_INCOME_TYPE,0.010248611772163872
S1: 고위험 (저신용+고DTI),NAME_EDUCATION_TYPE,0.04985797392282581
S1: 고위험 (저신용+고DTI),NAME_FAMILY_STATUS,0.03728474953973938
S1: 고위험 (저신용+고DTI),NAME_HOUSING_TYPE,0.005076207758729395
S1: 고위험 (저신용+고DTI),REGION_POPULATION_RELATIVE,0.010028723617491058
S1: 고위험 (저신용+고DTI),DAYS_BIRTH,0.06414930575239602
S1: 고위험 (저신용+고DTI),DAYS_EMPLOYED,0.08825932763940023
S1: 고위험 (저신용+고DTI),DAYS_REGISTRATION,0.01807621738607787
S1: 고위험 (저신용+고DTI),DAYS_ID_PUBLISH,0.04559312132312123
S1: 고위험 (저신용+고DTI),OWN_CAR_AGE,0.06480612753173534
S1: 고위험 (저신용+고DTI),FLAG_MOBIL,0.0
S1: 고위험 (저신용+고DTI),FLAG_EMP_PHONE,0.0
S1: 고위험 (저신용+고DTI),FLAG_WORK_PHONE,0.0169421991966538
S1: 고위험 (저신용+고DTI),FLAG_CONT_MOBILE,6.299714932847483e-05
S1: 고위험 (저신용+고DTI),FLAG_PHONE,0.010743275181047543
S1: 고위험 (저신용+고DTI),FLAG_EMAIL,5.1095129978909585e-05
S1: 고위험 (저신용+고DTI),OCCUPATION_TYPE,0.05572527427662068
S1: 고위험 (저신용+고DTI),CNT_FAM_MEMBERS,0.003142807291887097
S1: 고위험 (저신용+고DTI),REGION_RATING_CLIENT,0.0010357637977145252
S1: 고위험 (저신용+고DTI),REGION_RATING_CLIENT_W_CITY,0.034852178224523085
S1: 고위험 (저신용+고DTI),WEEKDAY_APPR_PROCESS_START,0.014080079015808761
S1: 고위험 (저신용+고DTI),HOUR_APPR_PROCESS_START,0.006153214047087338
S1: 고위험 (저신용+고DTI),REG_REGION_NOT_LIVE_REGION,0.0
S1: 고위험 (저신용+고DTI),REG_REGION_NOT_WORK_REGION,0.00020473591826560136
S1: 고위험 (저신용+고DTI),LIVE_REGION_NOT_WORK_REGION,2.227414349719555e-05
S1: 고위험 (저신용+고DTI),REG_CITY_NOT_LIVE_CITY,0.01755367979664396
S1: 고위험 (저신용+고DTI),REG_CITY_NOT_WORK_CITY,0.0007862961769495944
S1: 고위험 (저신용+고DTI),LIVE_CITY_NOT_WORK_CITY,0.00012725574449867842
S1: 고위험 (저신용+고DTI),ORGANIZATION_TYPE,0.1069736106802352
S1: 고위험 (저신용+고DTI),EXT_SOURCE_1,0.1441233794392708
S1: 고위험 (저신용+고DTI),EXT_SOURCE_2,0.5761516861473182
S1: 고위험 (저신용+고DTI),EXT_SOURCE_3,0.3159322423564581
S1: 고위험 (저신용+고DTI),APARTMENTS_AVG,0.003929593711344539
S1: 고위험 (저신용+고DTI),BASEMENTAREA_AVG,0.001790906062379387
S1: 고위험 (저신용+고DTI),YEARS_BEGINEXPLUATATION_AVG,0.0037382454840566275
S1: 고위험 (저신용+고DTI),YEARS_BUILD_AVG,0.0008162788389890996
S1: 고위험 (저신용+고DTI),COMMONAREA_AVG,0.0011936735341634946
S1: 고위험 (저신용+고DTI),ELEVATORS_AVG,0.0015305801691888432
S1: 고위험 (저신용+고DTI),ENTRANCES_AVG,0.0027822182242809557
S1: 고위험 (저신용+고DTI),FLOORSMAX_AVG,0.0012115652003806075
S1: 고위험 (저신용+고DTI),FLOORSMIN_AVG,0.0006285222537723174
S1: 고위험 (저신용+고DTI),LANDAREA_AVG,0.0017846699119410528
S1: 고위험 (저신용+고DTI),LIVINGAPARTMENTS_AVG,0.0014275461821815242
S1: 고위험 (저신용+고DTI),LIVINGAREA_AVG,0.005475794174564075
S1: 고위험 (저신용+고DTI),NONLIVINGAPARTMENTS_AVG,0.0035469779035037516
S1: 고위험 (저신용+고DTI),NONLIVINGAREA_AVG,0.002571826001922222
S1: 고위험 (저신용+고DTI),APARTMENTS_MODE,0.0017326089508767134
S1: 고위험 (저신용+고DTI),BASEMENTAREA_MODE,0.0013849658884475663
S1: 고위험 (저신용+고DTI),YEARS_BEGINEXPLUATATION_MODE,0.00786536855571523
S1: 고위험 (저신용+고DTI),YEARS_BUILD_MODE,0.0014310769285875715
S1: 고위험 (저신용+고DTI),COMMONAREA_MODE,0.00161354846139543
S1: 고위험 (저신용+고DTI),ELEVATORS_MODE,0.00032811302115917223
S1: 고위험 (저신용+고DTI),ENTRANCES_MODE,0.000787526670580477
S1: 고위험 (저신용+고DTI),FLOORSMAX_MODE,0.0003650030470388226
S1: 고위험 (저신용+고DTI),FLOORSMIN_MODE,0.00017712396079213165
S1: 고위험 (저신용+고DTI),LANDAREA_MODE,0.0016815175600977859
S1: 고위험 (저신용+고DTI),LIVINGAPARTMENTS_MODE,0.0011532773863532192
S1: 고위험 (저신용+고DTI),LIVINGAREA_MODE,0.002022134618467504
S1: 고위험 (저신용+고DTI),NONLIVINGAPARTMENTS_MODE,0.0005445626670308451
S1: 고위험 (저신용+고DTI),NONLIVINGAREA_MODE,0.0020025944027475986
S1: 고위험 (저신용+고DTI),APARTMENTS_MEDI,0.012725640073035194
S1: 고위험 (저신용+고DTI),BASEMENTAREA_MEDI,0.0013759434885814903
S1: 고위험 (저신용+고DTI),YEARS_BEGINEXPLUATATION_MEDI,0.0009759339244946888
S1: 고위험 (저신용+고DTI),YEARS_BUILD_MEDI,0.0001904903759388366
S1: 고위험 (저신용+고DTI),COMMONAREA_MEDI,0.0008556679823741597
S1: 고위험 (저신용+고DTI),ELEVATORS_MEDI,0.0002012719739401434
S1: 고위험 (저신용+고DTI),ENTRANCES_MEDI,0.0010387814176370128
S1: 고위험 (저신용+고DTI),FLOORSMAX_MEDI,0.004708491011338233
S1: 고위험 (저신용+고DTI),FLOORSMIN_MEDI,0.0003283461176562597
S1: 고위험 (저신용+고DTI),LANDAREA_MEDI,0.000858329487856356
S1: 고위험 (저신용+고DTI),LIVINGAPARTMENTS_MEDI,0.0009212244573602582
S1: 고위험 (저신용+고DTI),LIVINGAREA_MEDI,0.001229528803241799
S1: 고위험 (저신용+고DTI),NONLIVINGAPARTMENTS_MEDI,0.000702218889075153
S1: 고위험 (저신용+고DTI),NONLIVINGAREA_MEDI,0.004224532596173184
S1: 고위험 (저신용+고DTI),FONDKAPREMONT_MODE,0.0
S1: 고위험 (저신용+고DTI),HOUSETYPE_MODE,0.00010321561285764028
S1: 고위험 (저신용+고DTI),TOTALAREA_MODE,0.005045608522734754
S1: 고위험 (저신용+고DTI),WALLSMATERIAL_MODE,0.009158794256186226
S1: 고위험 (저신용+고DTI),EMERGENCYSTATE_MODE,0.00023086765925971789
S1: 고위험 (저신용+고DTI),OBS_30_CNT_SOCIAL_CIRCLE,0.0028645474036400327
S1: 고위험 (저신용+고DTI),DEF_30_CNT_SOCIAL_CIRCLE,0.020906301377307035
S1: 고위험 (저신용+고DTI),OBS_60_CNT_SOCIAL_CIRCLE,0.003835903390363638
S1: 고위험 (저신용+고DTI),DEF_60_CNT_SOCIAL_CIRCLE,0.010402828394586365
S1: 고위험 (저신용+고DTI),DAYS_LAST_PHONE_CHANGE,0.024965282508602235
S1: 고위험 (저신용+고DTI),FLAG_DOCUMENT_2,0.0
S1: 고위험 (저신용+고DTI),FLAG_DOCUMENT_3,0.020409367240031995
S1: 고위험 (저신용+고DTI),FLAG_DOCUMENT_4,0.0
S1: 고위험 (저신용+고DTI),FLAG_DOCUMENT_5,0.0
S1: 고위험 (저신용+고DTI),FLAG_DOCUMENT_6,0.0019322996450212855
S1: 고위험 (저신용+고DTI),FLAG_DOCUMENT_7,0.0
S1: 고위험 (저신용+고DTI),FLAG_DOCUMENT_8,0.0007226997707389873
S1: 고위험 (저신용+고DTI),FLAG_DOCUMENT_9,0.0
S1: 고위험 (저신용+고DTI),FLAG_DOCUMENT_10,0.0
S1: 고위험 (저신용+고DTI),FLAG_DOCUMENT_11,0.00017637900214149442
S1: 고위험 (저신용+고DTI),FLAG_DOCUMENT_12,0.0
S1: 고위험 (저신용+고DTI),FLAG_DOCUMENT_13,0.001672823053732889
S1: 고위험 (저신용+고DTI),FLAG_DOCUMENT_14,0.0
S1: 고위험 (저신용+고DTI),FLAG_DOCUMENT_15,0.0
S1: 고위험 (저신용+고DTI),FLAG_DOCUMENT_16,0.006342423522526758
S1: 고위험 (저신용+고DTI),FLAG_DOCUMENT_17,0.0
S1: 고위험 (저신용+고DTI),FLAG_DOCUMENT_18,0.003605459743131109
S1: 고위험 (저신용+고DTI),FLAG_DOCUMENT_19,0.0
S1: 고위험 (저신용+고DTI),FLAG_DOCUMENT_20,0.0
S1: 고위험 (저신용+고DTI),FLAG_DOCUMENT_21,0.0
S1: 고위험 (저신용+고DTI),AMT_REQ_CREDIT_BUREAU_HOUR,4.602865766299945e-05
S1: 고위험 (저신용+고DTI),AMT_REQ_CREDIT_BUREAU_DAY,0.0007993544224958177
S1: 고위험 (저신용+고DTI),AMT_REQ_CREDIT_BUREAU_WEEK,9.146956725892123e-05
S1: 고위험 (저신용+고DTI),AMT_REQ_CREDIT_BUREAU_MON,0.0004632322820206147
S1: 고위험 (저신용+고DTI),AMT_REQ_CREDIT_BUREAU_QRT,0.03082127716341885
S1: 고위험 (저신용+고DTI),AMT_REQ_CREDIT_BUREAU_YEAR,0.011042598514946208
S1: 고위험 (저신용+고DTI),bureau_DAYS_CREDIT_min,0.005559132801784412
S1: 고위험 (저신용+고DTI),bureau_DAYS_CREDIT_max,0.03188783316261104
S1: 고위험 (저신용+고DTI),bureau_DAYS_CREDIT_mean,0.02794926945254107
S1: 고위험 (저신용+고DTI),bureau_DAYS_CREDIT_sum,0.008720578419264928
S1: 고위험 (저신용+고DTI),bureau_DAYS_CREDIT_ENDDATE_min,0.005326336102757665
S1: 고위험 (저신용+고DTI),bureau_DAYS_CREDIT_ENDDATE_max,0.05958467158468407
S1: 고위험 (저신용+고DTI),bureau_DAYS_CREDIT_ENDDATE_mean,0.0076308224690199
S1: 고위험 (저신용+고DTI),bureau_DAYS_CREDIT_ENDDATE_sum,0.014568068896868517
S1: 고위험 (저신용+고DTI),bureau_DAYS_CREDIT_UPDATE_min,0.003877984820752333
S1: 고위험 (저신용+고DTI),bureau_DAYS_CREDIT_UPDATE_max,0.012809298266512453
S1: 고위험 (저신용+고DTI),bureau_DAYS_CREDIT_UPDATE_mean,0.012043244726078057
S1: 고위험 (저신용+고DTI),bureau_DAYS_CREDIT_UPDATE_sum,0.0052493249817202985
S1: 고위험 (저신용+고DTI),bureau_AMT_CREDIT_SUM_min,0.010970275070730992
S1: 고위험 (저신용+고DTI),bureau_AMT_CREDIT_SUM_max,0.009737820979601358
S1: 고위험 (저신용+고DTI),bureau_AMT_CREDIT_SUM_mean,0.02046576294278852
S1: 고위험 (저신용+고DTI),bureau_AMT_CREDIT_SUM_sum,0.019949074081490558
S1: 고위험 (저신용+고DTI),bureau_AMT_CREDIT_SUM_DEBT_min,0.005813112982161255
S1: 고위험 (저신용+고DTI),bureau_AMT_CREDIT_SUM_DEBT_max,0.010764445969373667
S1: 고위험 (저신용+고DTI),bureau_AMT_CREDIT_SUM_DEBT_mean,0.06935179710841255
S1: 고위험 (저신용+고DTI),bureau_AMT_CREDIT_SUM_DEBT_sum,0.006125447636966342
S1: 고위험 (저신용+고DTI),bureau_AMT_CREDIT_SUM_LIMIT_min,0.0021039406127298928
S1: 고위험 (저신용+고DTI),bureau_AMT_CREDIT_SUM_LIMIT_max,0.013773005908363879
S1: 고위험 (저신용+고DTI),bureau_AMT_CREDIT_SUM_LIMIT_mean,0.010528943641139118
S1: 고위험 (저신용+고DTI),bureau_AMT_CREDIT_SUM_LIMIT_sum,0.006163722136404047
S1: 고위험 (저신용+고DTI),bureau_AMT_CREDIT_SUM_OVERDUE_min,0.0
S1: 고위험 (저신용+고DTI),bureau_AMT_CREDIT_SUM_OVERDUE_max,0.0019699133510349687
S1: 고위험 (저신용+고DTI),bureau_AMT_CREDIT_SUM_OVERDUE_mean,0.0014536485396439073
S1: 고위험 (저신용+고DTI),bureau_AMT_CREDIT_SUM_OVERDUE_sum,0.00066594934431979
S1: 고위험 (저신용+고DTI),bureau_CNT_CREDIT_PROLONG_min,0.0
S1: 고위험 (저신용+고DTI),bureau_CNT_CREDIT_PROLONG_max,0.00030278509355545355
S1: 고위험 (저신용+고DTI),bureau_CNT_CREDIT_PROLONG_mean,0.00018881999052120532
S1: 고위험 (저신용+고DTI),bureau_CNT_CREDIT_PROLONG_sum,0.0
S1: 고위험 (저신용+고DTI),bureau_AMT_ANNUITY_min,0.002835579612549625
S1: 고위험 (저신용+고DTI),bureau_AMT_ANNUITY_max,0.0032245046948852383
S1: 고위험 (저신용+고DTI),bureau_AMT_ANNUITY_mean,0.002448916309257551
S1: 고위험 (저신용+고DTI),bureau_AMT_ANNUITY_sum,0.0031848514629648148
S1: 고위험 (저신용+고DTI),bureau_count,0.0010733996569555924
S1: 고위험 (저신용+고DTI),bureau_active_Active,0.026257816116364973
S1: 고위험 (저신용+고DTI),bureau_active_Bad debt,0.0
S1: 고위험 (저신용+고DTI),bureau_active_Closed,0.007049378799602017
S1: 고위험 (저신용+고DTI),bureau_active_Sold,0.002360877520750016
S1: 고위험 (저신용+고DTI),bureau_type_Another type of loan,3.89417778679299e-05
S1: 고위험 (저신용+고DTI),bureau_type_Car loan,0.005233000137536816
S1: 고위험 (저신용+고DTI),bureau_type_Cash loan (non-earmarked),0.0
S1: 고위험 (저신용+고DTI),bureau_type_Consumer credit,0.004254809590080191
S1: 고위험 (저신용+고DTI),bureau_type_Credit card,0.0036518984674552266
S1: 고위험 (저신용+고DTI),bureau_type_Interbank credit,0.0
S1: 고위험 (저신용+고DTI),bureau_type_Loan for business development,4.057244775134006e-05
S1: 고위험 (저신용+고DTI),bureau_type_Loan for purchase of shares (margin lending),0.0
S1: 고위험 (저신용+고DTI),bureau_type_Loan for the purchase of equipment,0.0
S1: 고위험 (저신용+고DTI),bureau_type_Loan for working capital replenishment,0.0
S1: 고위험 (저신용+고DTI),bureau_type_Microloan,0.005582802697714995
S1: 고위험 (저신용+고DTI),bureau_type_Mobile operator loan,0.0
S1: 고위험 (저신용+고DTI),bureau_type_Mortgage,0.013640648754241739
S1: 고위험 (저신용+고DTI),bureau_type_Real estate loan,0.0
S1: 고위험 (저신용+고DTI),bureau_type_Unknown type of loan,0.0
S1: 고위험 (저신용+고DTI),has_bureau,0.0
S1: 고위험 (저신용+고DTI),bureau_count_filled,0.0
S1: 고위험 (저신용+고DTI),rule_segment,0.11495366632523571
